Ente,Liste/Gruppi,Voti,nomefile
AGUGLIARO,PARTITO DEMOCRATICO,303,VICENZA
AGUGLIARO,MOVIMENTO 5 STELLE BEPPEGRILLO.IT,193,VICENZA
AGUGLIARO,LEGA NORD-DIE FREIHEITLICHEN-BASTA EURO,139,VICENZA
AGUGLIARO,FORZA ITALIA,109,VICENZA
AGUGLIARO,FRATELLI D'ITALIA - ALLEANZA NAZIONALE,61,VICENZA
AGUGLIARO,L'ALTRA EUROPA CON TSIPRAS,18,VICENZA
AGUGLIARO,NUOVO CENTRO DESTRA - UDC,18,VICENZA
AGUGLIARO,ITALIA DEI VALORI,9,VICENZA
AGUGLIARO,VERDI EUROPEI-GREEN ITALIA,8,VICENZA
AGUGLIARO,SCELTA EUROPEA,5,VICENZA
AGUGLIARO,IO CAMBIO - MAIE,5,VICENZA
AGUGLIARO,SVP,1,VICENZA
ALBETTONE,PARTITO DEMOCRATICO,319,VICENZA
ALBETTONE,MOVIMENTO 5 STELLE BEPPEGRILLO.IT,207,VICENZA
ALBETTONE,FRATELLI D'ITALIA - ALLEANZA NAZIONALE,180,VICENZA
ALBETTONE,LEGA NORD-DIE FREIHEITLICHEN-BASTA EURO,165,VICENZA
ALBETTONE,FORZA ITALIA,165,VICENZA
ALBETTONE,NUOVO CENTRO DESTRA - UDC,29,VICENZA
ALBETTONE,L'ALTRA EUROPA CON TSIPRAS,7,VICENZA
ALBETTONE,VERDI EUROPEI-GREEN ITALIA,7,VICENZA
ALBETTONE,ITALIA DEI VALORI,4,VICENZA
ALBETTONE,SCELTA EUROPEA,2,VICENZA
ALBETTONE,IO CAMBIO - MAIE,1,VICENZA
ALBETTONE,SVP,0,VICENZA
ALONTE,PARTITO DEMOCRATICO,328,VICENZA
ALONTE,MOVIMENTO 5 STELLE BEPPEGRILLO.IT,200,VICENZA
ALONTE,LEGA NORD-DIE FREIHEITLICHEN-BASTA EURO,153,VICENZA
ALONTE,FORZA ITALIA,105,VICENZA
ALONTE,FRATELLI D'ITALIA - ALLEANZA NAZIONALE,18,VICENZA
ALONTE,L'ALTRA EUROPA CON TSIPRAS,16,VICENZA
ALONTE,NUOVO CENTRO DESTRA - UDC,15,VICENZA
ALONTE,SCELTA EUROPEA,9,VICENZA
ALONTE,VERDI EUROPEI-GREEN ITALIA,9,VICENZA
ALONTE,ITALIA DEI VALORI,2,VICENZA
ALONTE,IO CAMBIO - MAIE,1,VICENZA
ALONTE,SVP,0,VICENZA
ALTAVILLA VICENTINA,PARTITO DEMOCRATICO,2237,VICENZA
ALTAVILLA VICENTINA,MOVIMENTO 5 STELLE BEPPEGRILLO.IT,1433,VICENZA
ALTAVILLA VICENTINA,LEGA NORD-DIE FREIHEITLICHEN-BASTA EURO,941,VICENZA
ALTAVILLA VICENTINA,FORZA ITALIA,834,VICENZA
ALTAVILLA VICENTINA,FRATELLI D'ITALIA - ALLEANZA NAZIONALE,294,VICENZA
ALTAVILLA VICENTINA,L'ALTRA EUROPA CON TSIPRAS,145,VICENZA
ALTAVILLA VICENTINA,NUOVO CENTRO DESTRA - UDC,142,VICENZA
ALTAVILLA VICENTINA,VERDI EUROPEI-GREEN ITALIA,70,VICENZA
ALTAVILLA VICENTINA,SCELTA EUROPEA,51,VICENZA
ALTAVILLA VICENTINA,ITALIA DEI VALORI,29,VICENZA
ALTAVILLA VICENTINA,IO CAMBIO - MAIE,10,VICENZA
ALTAVILLA VICENTINA,SVP,4,VICENZA
ALTISSIMO,PARTITO DEMOCRATICO,347,VICENZA
ALTISSIMO,LEGA NORD-DIE FREIHEITLICHEN-BASTA EURO,277,VICENZA
ALTISSIMO,FORZA ITALIA,202,VICENZA
ALTISSIMO,MOVIMENTO 5 STELLE BEPPEGRILLO.IT,197,VICENZA
ALTISSIMO,FRATELLI D'ITALIA - ALLEANZA NAZIONALE,142,VICENZA
ALTISSIMO,NUOVO CENTRO DESTRA - UDC,43,VICENZA
ALTISSIMO,L'ALTRA EUROPA CON TSIPRAS,11,VICENZA
ALTISSIMO,ITALIA DEI VALORI,9,VICENZA
ALTISSIMO,VERDI EUROPEI-GREEN ITALIA,9,VICENZA
ALTISSIMO,SCELTA EUROPEA,7,VICENZA
ALTISSIMO,SVP,2,VICENZA
ALTISSIMO,IO CAMBIO - MAIE,0,VICENZA
ARCUGNANO,PARTITO DEMOCRATICO,1696,VICENZA
ARCUGNANO,MOVIMENTO 5 STELLE BEPPEGRILLO.IT,930,VICENZA
ARCUGNANO,LEGA NORD-DIE FREIHEITLICHEN-BASTA EURO,686,VICENZA
ARCUGNANO,FORZA ITALIA,667,VICENZA
ARCUGNANO,FRATELLI D'ITALIA - ALLEANZA NAZIONALE,372,VICENZA
ARCUGNANO,L'ALTRA EUROPA CON TSIPRAS,134,VICENZA
ARCUGNANO,NUOVO CENTRO DESTRA - UDC,119,VICENZA
ARCUGNANO,VERDI EUROPEI-GREEN ITALIA,40,VICENZA
ARCUGNANO,SCELTA EUROPEA,39,VICENZA
ARCUGNANO,ITALIA DEI VALORI,26,VICENZA
ARCUGNANO,IO CAMBIO - MAIE,9,VICENZA
ARCUGNANO,SVP,5,VICENZA
ARSIERO,PARTITO DEMOCRATICO,615,VICENZA
ARSIERO,LEGA NORD-DIE FREIHEITLICHEN-BASTA EURO,380,VICENZA
ARSIERO,MOVIMENTO 5 STELLE BEPPEGRILLO.IT,256,VICENZA
ARSIERO,FORZA ITALIA,256,VICENZA
ARSIERO,FRATELLI D'ITALIA - ALLEANZA NAZIONALE,101,VICENZA
ARSIERO,NUOVO CENTRO DESTRA - UDC,46,VICENZA
ARSIERO,VERDI EUROPEI-GREEN ITALIA,25,VICENZA
ARSIERO,L'ALTRA EUROPA CON TSIPRAS,20,VICENZA
ARSIERO,ITALIA DEI VALORI,16,VICENZA
ARSIERO,SCELTA EUROPEA,14,VICENZA
ARSIERO,SVP,10,VICENZA
ARSIERO,IO CAMBIO - MAIE,3,VICENZA
ARZIGNANO,PARTITO DEMOCRATICO,4240,VICENZA
ARZIGNANO,LEGA NORD-DIE FREIHEITLICHEN-BASTA EURO,2568,VICENZA
ARZIGNANO,FORZA ITALIA,2431,VICENZA
ARZIGNANO,MOVIMENTO 5 STELLE BEPPEGRILLO.IT,2293,VICENZA
ARZIGNANO,FRATELLI D'ITALIA - ALLEANZA NAZIONALE,499,VICENZA
ARZIGNANO,NUOVO CENTRO DESTRA - UDC,231,VICENZA
ARZIGNANO,L'ALTRA EUROPA CON TSIPRAS,224,VICENZA
ARZIGNANO,VERDI EUROPEI-GREEN ITALIA,135,VICENZA
ARZIGNANO,SCELTA EUROPEA,111,VICENZA
ARZIGNANO,ITALIA DEI VALORI,60,VICENZA
ARZIGNANO,IO CAMBIO - MAIE,23,VICENZA
ARZIGNANO,SVP,20,VICENZA
ASIAGO,PARTITO DEMOCRATICO,1362,VICENZA
ASIAGO,LEGA NORD-DIE FREIHEITLICHEN-BASTA EURO,796,VICENZA
ASIAGO,FORZA ITALIA,755,VICENZA
ASIAGO,MOVIMENTO 5 STELLE BEPPEGRILLO.IT,559,VICENZA
ASIAGO,FRATELLI D'ITALIA - ALLEANZA NAZIONALE,184,VICENZA
ASIAGO,NUOVO CENTRO DESTRA - UDC,153,VICENZA
ASIAGO,L'ALTRA EUROPA CON TSIPRAS,47,VICENZA
ASIAGO,VERDI EUROPEI-GREEN ITALIA,34,VICENZA
ASIAGO,SCELTA EUROPEA,24,VICENZA
ASIAGO,ITALIA DEI VALORI,12,VICENZA
ASIAGO,SVP,10,VICENZA
ASIAGO,IO CAMBIO - MAIE,9,VICENZA
ASIGLIANO VENETO,PARTITO DEMOCRATICO,148,VICENZA
ASIGLIANO VENETO,FORZA ITALIA,109,VICENZA
ASIGLIANO VENETO,LEGA NORD-DIE FREIHEITLICHEN-BASTA EURO,106,VICENZA
ASIGLIANO VENETO,MOVIMENTO 5 STELLE BEPPEGRILLO.IT,70,VICENZA
ASIGLIANO VENETO,NUOVO CENTRO DESTRA - UDC,25,VICENZA
ASIGLIANO VENETO,FRATELLI D'ITALIA - ALLEANZA NAZIONALE,10,VICENZA
ASIGLIANO VENETO,VERDI EUROPEI-GREEN ITALIA,9,VICENZA
ASIGLIANO VENETO,L'ALTRA EUROPA CON TSIPRAS,5,VICENZA
ASIGLIANO VENETO,SCELTA EUROPEA,4,VICENZA
ASIGLIANO VENETO,IO CAMBIO - MAIE,2,VICENZA
ASIGLIANO VENETO,ITALIA DEI VALORI,1,VICENZA
ASIGLIANO VENETO,SVP,0,VICENZA
BARBARANO VICENTINO,PARTITO DEMOCRATICO,746,VICENZA
BARBARANO VICENTINO,MOVIMENTO 5 STELLE BEPPEGRILLO.IT,489,VICENZA
BARBARANO VICENTINO,LEGA NORD-DIE FREIHEITLICHEN-BASTA EURO,422,VICENZA
BARBARANO VICENTINO,FORZA ITALIA,406,VICENZA
BARBARANO VICENTINO,FRATELLI D'ITALIA - ALLEANZA NAZIONALE,147,VICENZA
BARBARANO VICENTINO,NUOVO CENTRO DESTRA - UDC,70,VICENZA
BARBARANO VICENTINO,L'ALTRA EUROPA CON TSIPRAS,39,VICENZA
BARBARANO VICENTINO,VERDI EUROPEI-GREEN ITALIA,15,VICENZA
BARBARANO VICENTINO,ITALIA DEI VALORI,11,VICENZA
BARBARANO VICENTINO,SCELTA EUROPEA,10,VICENZA
BARBARANO VICENTINO,SVP,6,VICENZA
BARBARANO VICENTINO,IO CAMBIO - MAIE,4,VICENZA
BASSANO DEL GRAPPA,PARTITO DEMOCRATICO,8633,VICENZA
BASSANO DEL GRAPPA,MOVIMENTO 5 STELLE BEPPEGRILLO.IT,4056,VICENZA
BASSANO DEL GRAPPA,FORZA ITALIA,3501,VICENZA
BASSANO DEL GRAPPA,LEGA NORD-DIE FREIHEITLICHEN-BASTA EURO,3309,VICENZA
BASSANO DEL GRAPPA,FRATELLI D'ITALIA - ALLEANZA NAZIONALE,868,VICENZA
BASSANO DEL GRAPPA,NUOVO CENTRO DESTRA - UDC,864,VICENZA
BASSANO DEL GRAPPA,L'ALTRA EUROPA CON TSIPRAS,681,VICENZA
BASSANO DEL GRAPPA,VERDI EUROPEI-GREEN ITALIA,268,VICENZA
BASSANO DEL GRAPPA,SCELTA EUROPEA,242,VICENZA
BASSANO DEL GRAPPA,ITALIA DEI VALORI,65,VICENZA
BASSANO DEL GRAPPA,IO CAMBIO - MAIE,38,VICENZA
BASSANO DEL GRAPPA,SVP,33,VICENZA
BOLZANO VICENTINO,PARTITO DEMOCRATICO,1176,VICENZA
BOLZANO VICENTINO,MOVIMENTO 5 STELLE BEPPEGRILLO.IT,581,VICENZA
BOLZANO VICENTINO,LEGA NORD-DIE FREIHEITLICHEN-BASTA EURO,553,VICENZA
BOLZANO VICENTINO,FORZA ITALIA,382,VICENZA
BOLZANO VICENTINO,FRATELLI D'ITALIA - ALLEANZA NAZIONALE,138,VICENZA
BOLZANO VICENTINO,NUOVO CENTRO DESTRA - UDC,83,VICENZA
BOLZANO VICENTINO,L'ALTRA EUROPA CON TSIPRAS,52,VICENZA
BOLZANO VICENTINO,VERDI EUROPEI-GREEN ITALIA,25,VICENZA
BOLZANO VICENTINO,SCELTA EUROPEA,24,VICENZA
BOLZANO VICENTINO,ITALIA DEI VALORI,15,VICENZA
BOLZANO VICENTINO,IO CAMBIO - MAIE,7,VICENZA
BOLZANO VICENTINO,SVP,3,VICENZA
BREGANZE,PARTITO DEMOCRATICO,1874,VICENZA
BREGANZE,LEGA NORD-DIE FREIHEITLICHEN-BASTA EURO,857,VICENZA
BREGANZE,MOVIMENTO 5 STELLE BEPPEGRILLO.IT,838,VICENZA
BREGANZE,FORZA ITALIA,584,VICENZA
BREGANZE,FRATELLI D'ITALIA - ALLEANZA NAZIONALE,224,VICENZA
BREGANZE,SCELTA EUROPEA,169,VICENZA
BREGANZE,NUOVO CENTRO DESTRA - UDC,121,VICENZA
BREGANZE,L'ALTRA EUROPA CON TSIPRAS,119,VICENZA
BREGANZE,VERDI EUROPEI-GREEN ITALIA,59,VICENZA
BREGANZE,ITALIA DEI VALORI,32,VICENZA
BREGANZE,SVP,16,VICENZA
BREGANZE,IO CAMBIO - MAIE,8,VICENZA
BRENDOLA,PARTITO DEMOCRATICO,1229,VICENZA
BRENDOLA,MOVIMENTO 5 STELLE BEPPEGRILLO.IT,648,VICENZA
BRENDOLA,LEGA NORD-DIE FREIHEITLICHEN-BASTA EURO,501,VICENZA
BRENDOLA,FORZA ITALIA,445,VICENZA
BRENDOLA,NUOVO CENTRO DESTRA - UDC,115,VICENZA
BRENDOLA,FRATELLI D'ITALIA - ALLEANZA NAZIONALE,103,VICENZA
BRENDOLA,L'ALTRA EUROPA CON TSIPRAS,47,VICENZA
BRENDOLA,VERDI EUROPEI-GREEN ITALIA,24,VICENZA
BRENDOLA,SCELTA EUROPEA,19,VICENZA
BRENDOLA,ITALIA DEI VALORI,11,VICENZA
BRENDOLA,SVP,4,VICENZA
BRENDOLA,IO CAMBIO - MAIE,3,VICENZA
BRESSANVIDO,PARTITO DEMOCRATICO,606,VICENZA
BRESSANVIDO,LEGA NORD-DIE FREIHEITLICHEN-BASTA EURO,349,VICENZA
BRESSANVIDO,MOVIMENTO 5 STELLE BEPPEGRILLO.IT,327,VICENZA
BRESSANVIDO,FORZA ITALIA,235,VICENZA
BRESSANVIDO,NUOVO CENTRO DESTRA - UDC,76,VICENZA
BRESSANVIDO,FRATELLI D'ITALIA - ALLEANZA NAZIONALE,75,VICENZA
BRESSANVIDO,VERDI EUROPEI-GREEN ITALIA,15,VICENZA
BRESSANVIDO,L'ALTRA EUROPA CON TSIPRAS,14,VICENZA
BRESSANVIDO,SCELTA EUROPEA,7,VICENZA
BRESSANVIDO,ITALIA DEI VALORI,4,VICENZA
BRESSANVIDO,IO CAMBIO - MAIE,4,VICENZA
BRESSANVIDO,SVP,1,VICENZA
BROGLIANO,PARTITO DEMOCRATICO,587,VICENZA
BROGLIANO,MOVIMENTO 5 STELLE BEPPEGRILLO.IT,411,VICENZA
BROGLIANO,LEGA NORD-DIE FREIHEITLICHEN-BASTA EURO,303,VICENZA
BROGLIANO,FORZA ITALIA,225,VICENZA
BROGLIANO,FRATELLI D'ITALIA - ALLEANZA NAZIONALE,99,VICENZA
BROGLIANO,NUOVO CENTRO DESTRA - UDC,49,VICENZA
BROGLIANO,L'ALTRA EUROPA CON TSIPRAS,29,VICENZA
BROGLIANO,SCELTA EUROPEA,18,VICENZA
BROGLIANO,VERDI EUROPEI-GREEN ITALIA,13,VICENZA
BROGLIANO,ITALIA DEI VALORI,7,VICENZA
BROGLIANO,SVP,2,VICENZA
BROGLIANO,IO CAMBIO - MAIE,1,VICENZA
CALDOGNO,PARTITO DEMOCRATICO,2045,VICENZA
CALDOGNO,MOVIMENTO 5 STELLE BEPPEGRILLO.IT,1073,VICENZA
CALDOGNO,LEGA NORD-DIE FREIHEITLICHEN-BASTA EURO,858,VICENZA
CALDOGNO,FORZA ITALIA,724,VICENZA
CALDOGNO,NUOVO CENTRO DESTRA - UDC,199,VICENZA
CALDOGNO,FRATELLI D'ITALIA - ALLEANZA NAZIONALE,188,VICENZA
CALDOGNO,L'ALTRA EUROPA CON TSIPRAS,117,VICENZA
CALDOGNO,VERDI EUROPEI-GREEN ITALIA,64,VICENZA
CALDOGNO,SCELTA EUROPEA,29,VICENZA
CALDOGNO,ITALIA DEI VALORI,21,VICENZA
CALDOGNO,IO CAMBIO - MAIE,9,VICENZA
CALDOGNO,SVP,8,VICENZA
CALTRANO,PARTITO DEMOCRATICO,505,VICENZA
CALTRANO,LEGA NORD-DIE FREIHEITLICHEN-BASTA EURO,335,VICENZA
CALTRANO,MOVIMENTO 5 STELLE BEPPEGRILLO.IT,281,VICENZA
CALTRANO,FORZA ITALIA,149,VICENZA
CALTRANO,FRATELLI D'ITALIA - ALLEANZA NAZIONALE,70,VICENZA
CALTRANO,L'ALTRA EUROPA CON TSIPRAS,55,VICENZA
CALTRANO,NUOVO CENTRO DESTRA - UDC,42,VICENZA
CALTRANO,VERDI EUROPEI-GREEN ITALIA,19,VICENZA
CALTRANO,ITALIA DEI VALORI,11,VICENZA
CALTRANO,SCELTA EUROPEA,5,VICENZA
CALTRANO,SVP,4,VICENZA
CALTRANO,IO CAMBIO - MAIE,3,VICENZA
CALVENE,PARTITO DEMOCRATICO,269,VICENZA
CALVENE,LEGA NORD-DIE FREIHEITLICHEN-BASTA EURO,162,VICENZA
CALVENE,MOVIMENTO 5 STELLE BEPPEGRILLO.IT,161,VICENZA
CALVENE,FORZA ITALIA,67,VICENZA
CALVENE,L'ALTRA EUROPA CON TSIPRAS,33,VICENZA
CALVENE,FRATELLI D'ITALIA - ALLEANZA NAZIONALE,26,VICENZA
CALVENE,VERDI EUROPEI-GREEN ITALIA,14,VICENZA
CALVENE,NUOVO CENTRO DESTRA - UDC,7,VICENZA
CALVENE,SVP,6,VICENZA
CALVENE,SCELTA EUROPEA,4,VICENZA
CALVENE,ITALIA DEI VALORI,3,VICENZA
CALVENE,IO CAMBIO - MAIE,2,VICENZA
CAMISANO VICENTINO,PARTITO DEMOCRATICO,1553,VICENZA
CAMISANO VICENTINO,FORZA ITALIA,1217,VICENZA
CAMISANO VICENTINO,MOVIMENTO 5 STELLE BEPPEGRILLO.IT,1092,VICENZA
CAMISANO VICENTINO,LEGA NORD-DIE FREIHEITLICHEN-BASTA EURO,913,VICENZA
CAMISANO VICENTINO,FRATELLI D'ITALIA - ALLEANZA NAZIONALE,321,VICENZA
CAMISANO VICENTINO,NUOVO CENTRO DESTRA - UDC,319,VICENZA
CAMISANO VICENTINO,L'ALTRA EUROPA CON TSIPRAS,81,VICENZA
CAMISANO VICENTINO,SCELTA EUROPEA,45,VICENZA
CAMISANO VICENTINO,VERDI EUROPEI-GREEN ITALIA,39,VICENZA
CAMISANO VICENTINO,ITALIA DEI VALORI,20,VICENZA
CAMISANO VICENTINO,SVP,16,VICENZA
CAMISANO VICENTINO,IO CAMBIO - MAIE,13,VICENZA
CAMPIGLIA DEI BERICI,PARTITO DEMOCRATICO,382,VICENZA
CAMPIGLIA DEI BERICI,LEGA NORD-DIE FREIHEITLICHEN-BASTA EURO,234,VICENZA
CAMPIGLIA DEI BERICI,FORZA ITALIA,188,VICENZA
CAMPIGLIA DEI BERICI,MOVIMENTO 5 STELLE BEPPEGRILLO.IT,176,VICENZA
CAMPIGLIA DEI BERICI,FRATELLI D'ITALIA - ALLEANZA NAZIONALE,46,VICENZA
CAMPIGLIA DEI BERICI,NUOVO CENTRO DESTRA - UDC,27,VICENZA
CAMPIGLIA DEI BERICI,L'ALTRA EUROPA CON TSIPRAS,19,VICENZA
CAMPIGLIA DEI BERICI,ITALIA DEI VALORI,6,VICENZA
CAMPIGLIA DEI BERICI,VERDI EUROPEI-GREEN ITALIA,6,VICENZA
CAMPIGLIA DEI BERICI,SCELTA EUROPEA,4,VICENZA
CAMPIGLIA DEI BERICI,SVP,2,VICENZA
CAMPIGLIA DEI BERICI,IO CAMBIO - MAIE,2,VICENZA
CAMPOLONGO SUL BRENTA,PARTITO DEMOCRATICO,200,VICENZA
CAMPOLONGO SUL BRENTA,MOVIMENTO 5 STELLE BEPPEGRILLO.IT,79,VICENZA
CAMPOLONGO SUL BRENTA,LEGA NORD-DIE FREIHEITLICHEN-BASTA EURO,74,VICENZA
CAMPOLONGO SUL BRENTA,FORZA ITALIA,52,VICENZA
CAMPOLONGO SUL BRENTA,FRATELLI D'ITALIA - ALLEANZA NAZIONALE,15,VICENZA
CAMPOLONGO SUL BRENTA,L'ALTRA EUROPA CON TSIPRAS,12,VICENZA
CAMPOLONGO SUL BRENTA,NUOVO CENTRO DESTRA - UDC,8,VICENZA
CAMPOLONGO SUL BRENTA,SCELTA EUROPEA,6,VICENZA
CAMPOLONGO SUL BRENTA,VERDI EUROPEI-GREEN ITALIA,4,VICENZA
CAMPOLONGO SUL BRENTA,IO CAMBIO - MAIE,1,VICENZA
CAMPOLONGO SUL BRENTA,SVP,0,VICENZA
CAMPOLONGO SUL BRENTA,ITALIA DEI VALORI,0,VICENZA
CARRE',PARTITO DEMOCRATICO,776,VICENZA
CARRE',LEGA NORD-DIE FREIHEITLICHEN-BASTA EURO,390,VICENZA
CARRE',MOVIMENTO 5 STELLE BEPPEGRILLO.IT,377,VICENZA
CARRE',FORZA ITALIA,198,VICENZA
CARRE',FRATELLI D'ITALIA - ALLEANZA NAZIONALE,76,VICENZA
CARRE',L'ALTRA EUROPA CON TSIPRAS,52,VICENZA
CARRE',NUOVO CENTRO DESTRA - UDC,37,VICENZA
CARRE',VERDI EUROPEI-GREEN ITALIA,27,VICENZA
CARRE',SCELTA EUROPEA,23,VICENZA
CARRE',ITALIA DEI VALORI,9,VICENZA
CARRE',IO CAMBIO - MAIE,4,VICENZA
CARRE',SVP,3,VICENZA
CARTIGLIANO,LEGA NORD-DIE FREIHEITLICHEN-BASTA EURO,589,VICENZA
CARTIGLIANO,PARTITO DEMOCRATICO,567,VICENZA
CARTIGLIANO,MOVIMENTO 5 STELLE BEPPEGRILLO.IT,538,VICENZA
CARTIGLIANO,FORZA ITALIA,276,VICENZA
CARTIGLIANO,FRATELLI D'ITALIA - ALLEANZA NAZIONALE,70,VICENZA
CARTIGLIANO,NUOVO CENTRO DESTRA - UDC,40,VICENZA
CARTIGLIANO,L'ALTRA EUROPA CON TSIPRAS,28,VICENZA
CARTIGLIANO,SCELTA EUROPEA,24,VICENZA
CARTIGLIANO,ITALIA DEI VALORI,8,VICENZA
CARTIGLIANO,VERDI EUROPEI-GREEN ITALIA,8,VICENZA
CARTIGLIANO,SVP,6,VICENZA
CARTIGLIANO,IO CAMBIO - MAIE,3,VICENZA
CASSOLA,PARTITO DEMOCRATICO,2717,VICENZA
CASSOLA,MOVIMENTO 5 STELLE BEPPEGRILLO.IT,1663,VICENZA
CASSOLA,LEGA NORD-DIE FREIHEITLICHEN-BASTA EURO,1616,VICENZA
CASSOLA,FORZA ITALIA,1217,VICENZA
CASSOLA,NUOVO CENTRO DESTRA - UDC,309,VICENZA
CASSOLA,FRATELLI D'ITALIA - ALLEANZA NAZIONALE,206,VICENZA
CASSOLA,L'ALTRA EUROPA CON TSIPRAS,135,VICENZA
CASSOLA,VERDI EUROPEI-GREEN ITALIA,69,VICENZA
CASSOLA,SCELTA EUROPEA,57,VICENZA
CASSOLA,ITALIA DEI VALORI,29,VICENZA
CASSOLA,IO CAMBIO - MAIE,12,VICENZA
CASSOLA,SVP,10,VICENZA
CASTEGNERO,PARTITO DEMOCRATICO,470,VICENZA
CASTEGNERO,MOVIMENTO 5 STELLE BEPPEGRILLO.IT,289,VICENZA
CASTEGNERO,LEGA NORD-DIE FREIHEITLICHEN-BASTA EURO,269,VICENZA
CASTEGNERO,FORZA ITALIA,215,VICENZA
CASTEGNERO,FRATELLI D'ITALIA - ALLEANZA NAZIONALE,72,VICENZA
CASTEGNERO,NUOVO CENTRO DESTRA - UDC,49,VICENZA
CASTEGNERO,L'ALTRA EUROPA CON TSIPRAS,23,VICENZA
CASTEGNERO,SCELTA EUROPEA,8,VICENZA
CASTEGNERO,ITALIA DEI VALORI,7,VICENZA
CASTEGNERO,VERDI EUROPEI-GREEN ITALIA,5,VICENZA
CASTEGNERO,SVP,3,VICENZA
CASTEGNERO,IO CAMBIO - MAIE,3,VICENZA
CASTELGOMBERTO,PARTITO DEMOCRATICO,904,VICENZA
CASTELGOMBERTO,MOVIMENTO 5 STELLE BEPPEGRILLO.IT,589,VICENZA
CASTELGOMBERTO,LEGA NORD-DIE FREIHEITLICHEN-BASTA EURO,462,VICENZA
CASTELGOMBERTO,FORZA ITALIA,377,VICENZA
CASTELGOMBERTO,FRATELLI D'ITALIA - ALLEANZA NAZIONALE,176,VICENZA
CASTELGOMBERTO,L'ALTRA EUROPA CON TSIPRAS,62,VICENZA
CASTELGOMBERTO,NUOVO CENTRO DESTRA - UDC,54,VICENZA
CASTELGOMBERTO,VERDI EUROPEI-GREEN ITALIA,15,VICENZA
CASTELGOMBERTO,SCELTA EUROPEA,10,VICENZA
CASTELGOMBERTO,SVP,9,VICENZA
CASTELGOMBERTO,IO CAMBIO - MAIE,4,VICENZA
CASTELGOMBERTO,ITALIA DEI VALORI,1,VICENZA
CHIAMPO,PARTITO DEMOCRATICO,1513,VICENZA
CHIAMPO,LEGA NORD-DIE FREIHEITLICHEN-BASTA EURO,1213,VICENZA
CHIAMPO,FORZA ITALIA,1139,VICENZA
CHIAMPO,MOVIMENTO 5 STELLE BEPPEGRILLO.IT,971,VICENZA
CHIAMPO,FRATELLI D'ITALIA - ALLEANZA NAZIONALE,505,VICENZA
CHIAMPO,NUOVO CENTRO DESTRA - UDC,152,VICENZA
CHIAMPO,L'ALTRA EUROPA CON TSIPRAS,48,VICENZA
CHIAMPO,SCELTA EUROPEA,45,VICENZA
CHIAMPO,VERDI EUROPEI-GREEN ITALIA,40,VICENZA
CHIAMPO,ITALIA DEI VALORI,14,VICENZA
CHIAMPO,SVP,10,VICENZA
CHIAMPO,IO CAMBIO - MAIE,3,VICENZA
CHIUPPANO,PARTITO DEMOCRATICO,562,VICENZA
CHIUPPANO,MOVIMENTO 5 STELLE BEPPEGRILLO.IT,306,VICENZA
CHIUPPANO,LEGA NORD-DIE FREIHEITLICHEN-BASTA EURO,215,VICENZA
CHIUPPANO,FORZA ITALIA,141,VICENZA
CHIUPPANO,L'ALTRA EUROPA CON TSIPRAS,54,VICENZA
CHIUPPANO,FRATELLI D'ITALIA - ALLEANZA NAZIONALE,47,VICENZA
CHIUPPANO,VERDI EUROPEI-GREEN ITALIA,27,VICENZA
CHIUPPANO,NUOVO CENTRO DESTRA - UDC,26,VICENZA
CHIUPPANO,ITALIA DEI VALORI,9,VICENZA
CHIUPPANO,SCELTA EUROPEA,8,VICENZA
CHIUPPANO,SVP,3,VICENZA
CHIUPPANO,IO CAMBIO - MAIE,0,VICENZA
CISMON DEL GRAPPA,PARTITO DEMOCRATICO,216,VICENZA
CISMON DEL GRAPPA,MOVIMENTO 5 STELLE BEPPEGRILLO.IT,90,VICENZA
CISMON DEL GRAPPA,LEGA NORD-DIE FREIHEITLICHEN-BASTA EURO,90,VICENZA
CISMON DEL GRAPPA,FORZA ITALIA,55,VICENZA
CISMON DEL GRAPPA,FRATELLI D'ITALIA - ALLEANZA NAZIONALE,30,VICENZA
CISMON DEL GRAPPA,NUOVO CENTRO DESTRA - UDC,20,VICENZA
CISMON DEL GRAPPA,L'ALTRA EUROPA CON TSIPRAS,13,VICENZA
CISMON DEL GRAPPA,ITALIA DEI VALORI,4,VICENZA
CISMON DEL GRAPPA,VERDI EUROPEI-GREEN ITALIA,4,VICENZA
CISMON DEL GRAPPA,SCELTA EUROPEA,3,VICENZA
CISMON DEL GRAPPA,SVP,2,VICENZA
CISMON DEL GRAPPA,IO CAMBIO - MAIE,0,VICENZA
COGOLLO DEL CENGIO,PARTITO DEMOCRATICO,649,VICENZA
COGOLLO DEL CENGIO,MOVIMENTO 5 STELLE BEPPEGRILLO.IT,311,VICENZA
COGOLLO DEL CENGIO,LEGA NORD-DIE FREIHEITLICHEN-BASTA EURO,259,VICENZA
COGOLLO DEL CENGIO,FORZA ITALIA,156,VICENZA
COGOLLO DEL CENGIO,FRATELLI D'ITALIA - ALLEANZA NAZIONALE,67,VICENZA
COGOLLO DEL CENGIO,NUOVO CENTRO DESTRA - UDC,41,VICENZA
COGOLLO DEL CENGIO,L'ALTRA EUROPA CON TSIPRAS,38,VICENZA
COGOLLO DEL CENGIO,VERDI EUROPEI-GREEN ITALIA,24,VICENZA
COGOLLO DEL CENGIO,SCELTA EUROPEA,11,VICENZA
COGOLLO DEL CENGIO,ITALIA DEI VALORI,8,VICENZA
COGOLLO DEL CENGIO,SVP,2,VICENZA
COGOLLO DEL CENGIO,IO CAMBIO - MAIE,2,VICENZA
CONCO,PARTITO DEMOCRATICO,497,VICENZA
CONCO,LEGA NORD-DIE FREIHEITLICHEN-BASTA EURO,278,VICENZA
CONCO,MOVIMENTO 5 STELLE BEPPEGRILLO.IT,199,VICENZA
CONCO,FORZA ITALIA,194,VICENZA
CONCO,FRATELLI D'ITALIA - ALLEANZA NAZIONALE,48,VICENZA
CONCO,NUOVO CENTRO DESTRA - UDC,46,VICENZA
CONCO,L'ALTRA EUROPA CON TSIPRAS,19,VICENZA
CONCO,SCELTA EUROPEA,5,VICENZA
CONCO,ITALIA DEI VALORI,5,VICENZA
CONCO,VERDI EUROPEI-GREEN ITALIA,5,VICENZA
CONCO,SVP,2,VICENZA
CONCO,IO CAMBIO - MAIE,1,VICENZA
CORNEDO VICENTINO,PARTITO DEMOCRATICO,1968,VICENZA
CORNEDO VICENTINO,LEGA NORD-DIE FREIHEITLICHEN-BASTA EURO,1438,VICENZA
CORNEDO VICENTINO,MOVIMENTO 5 STELLE BEPPEGRILLO.IT,1412,VICENZA
CORNEDO VICENTINO,FORZA ITALIA,881,VICENZA
CORNEDO VICENTINO,FRATELLI D'ITALIA - ALLEANZA NAZIONALE,409,VICENZA
CORNEDO VICENTINO,NUOVO CENTRO DESTRA - UDC,153,VICENZA
CORNEDO VICENTINO,L'ALTRA EUROPA CON TSIPRAS,133,VICENZA
CORNEDO VICENTINO,SCELTA EUROPEA,59,VICENZA
CORNEDO VICENTINO,VERDI EUROPEI-GREEN ITALIA,50,VICENZA
CORNEDO VICENTINO,ITALIA DEI VALORI,33,VICENZA
CORNEDO VICENTINO,IO CAMBIO - MAIE,14,VICENZA
CORNEDO VICENTINO,SVP,12,VICENZA
COSTABISSARA,PARTITO DEMOCRATICO,1431,VICENZA
COSTABISSARA,MOVIMENTO 5 STELLE BEPPEGRILLO.IT,718,VICENZA
COSTABISSARA,LEGA NORD-DIE FREIHEITLICHEN-BASTA EURO,472,VICENZA
COSTABISSARA,FORZA ITALIA,405,VICENZA
COSTABISSARA,NUOVO CENTRO DESTRA - UDC,218,VICENZA
COSTABISSARA,FRATELLI D'ITALIA - ALLEANZA NAZIONALE,129,VICENZA
COSTABISSARA,L'ALTRA EUROPA CON TSIPRAS,86,VICENZA
COSTABISSARA,SCELTA EUROPEA,20,VICENZA
COSTABISSARA,VERDI EUROPEI-GREEN ITALIA,17,VICENZA
COSTABISSARA,ITALIA DEI VALORI,11,VICENZA
COSTABISSARA,SVP,5,VICENZA
COSTABISSARA,IO CAMBIO - MAIE,1,VICENZA
CREAZZO,PARTITO DEMOCRATICO,2343,VICENZA
CREAZZO,MOVIMENTO 5 STELLE BEPPEGRILLO.IT,1160,VICENZA
CREAZZO,LEGA NORD-DIE FREIHEITLICHEN-BASTA EURO,937,VICENZA
CREAZZO,FORZA ITALIA,841,VICENZA
CREAZZO,FRATELLI D'ITALIA - ALLEANZA NAZIONALE,186,VICENZA
CREAZZO,L'ALTRA EUROPA CON TSIPRAS,150,VICENZA
CREAZZO,NUOVO CENTRO DESTRA - UDC,145,VICENZA
CREAZZO,VERDI EUROPEI-GREEN ITALIA,79,VICENZA
CREAZZO,SCELTA EUROPEA,60,VICENZA
CREAZZO,ITALIA DEI VALORI,17,VICENZA
CREAZZO,SVP,13,VICENZA
CREAZZO,IO CAMBIO - MAIE,9,VICENZA
CRESPADORO,PARTITO DEMOCRATICO,154,VICENZA
CRESPADORO,LEGA NORD-DIE FREIHEITLICHEN-BASTA EURO,137,VICENZA
CRESPADORO,MOVIMENTO 5 STELLE BEPPEGRILLO.IT,95,VICENZA
CRESPADORO,FRATELLI D'ITALIA - ALLEANZA NAZIONALE,87,VICENZA
CRESPADORO,FORZA ITALIA,71,VICENZA
CRESPADORO,NUOVO CENTRO DESTRA - UDC,21,VICENZA
CRESPADORO,ITALIA DEI VALORI,5,VICENZA
CRESPADORO,SCELTA EUROPEA,4,VICENZA
CRESPADORO,VERDI EUROPEI-GREEN ITALIA,3,VICENZA
CRESPADORO,SVP,2,VICENZA
CRESPADORO,IO CAMBIO - MAIE,2,VICENZA
CRESPADORO,L'ALTRA EUROPA CON TSIPRAS,1,VICENZA
DUEVILLE,PARTITO DEMOCRATICO,2748,VICENZA
DUEVILLE,MOVIMENTO 5 STELLE BEPPEGRILLO.IT,1442,VICENZA
DUEVILLE,LEGA NORD-DIE FREIHEITLICHEN-BASTA EURO,1361,VICENZA
DUEVILLE,FORZA ITALIA,992,VICENZA
DUEVILLE,FRATELLI D'ITALIA - ALLEANZA NAZIONALE,418,VICENZA
DUEVILLE,NUOVO CENTRO DESTRA - UDC,320,VICENZA
DUEVILLE,L'ALTRA EUROPA CON TSIPRAS,176,VICENZA
DUEVILLE,SCELTA EUROPEA,124,VICENZA
DUEVILLE,VERDI EUROPEI-GREEN ITALIA,80,VICENZA
DUEVILLE,ITALIA DEI VALORI,41,VICENZA
DUEVILLE,IO CAMBIO - MAIE,14,VICENZA
DUEVILLE,SVP,6,VICENZA
ENEGO,PARTITO DEMOCRATICO,308,VICENZA
ENEGO,LEGA NORD-DIE FREIHEITLICHEN-BASTA EURO,178,VICENZA
ENEGO,FORZA ITALIA,136,VICENZA
ENEGO,MOVIMENTO 5 STELLE BEPPEGRILLO.IT,112,VICENZA
ENEGO,NUOVO CENTRO DESTRA - UDC,73,VICENZA
ENEGO,FRATELLI D'ITALIA - ALLEANZA NAZIONALE,21,VICENZA
ENEGO,L'ALTRA EUROPA CON TSIPRAS,10,VICENZA
ENEGO,SCELTA EUROPEA,4,VICENZA
ENEGO,ITALIA DEI VALORI,4,VICENZA
ENEGO,IO CAMBIO - MAIE,2,VICENZA
ENEGO,VERDI EUROPEI-GREEN ITALIA,2,VICENZA
ENEGO,SVP,0,VICENZA
FARA VICENTINO,PARTITO DEMOCRATICO,783,VICENZA
FARA VICENTINO,LEGA NORD-DIE FREIHEITLICHEN-BASTA EURO,574,VICENZA
FARA VICENTINO,MOVIMENTO 5 STELLE BEPPEGRILLO.IT,396,VICENZA
FARA VICENTINO,FORZA ITALIA,339,VICENZA
FARA VICENTINO,FRATELLI D'ITALIA - ALLEANZA NAZIONALE,136,VICENZA
FARA VICENTINO,L'ALTRA EUROPA CON TSIPRAS,38,VICENZA
FARA VICENTINO,NUOVO CENTRO DESTRA - UDC,35,VICENZA
FARA VICENTINO,SCELTA EUROPEA,20,VICENZA
FARA VICENTINO,VERDI EUROPEI-GREEN ITALIA,15,VICENZA
FARA VICENTINO,ITALIA DEI VALORI,13,VICENZA
FARA VICENTINO,SVP,6,VICENZA
FARA VICENTINO,IO CAMBIO - MAIE,3,VICENZA
FOZA,LEGA NORD-DIE FREIHEITLICHEN-BASTA EURO,142,VICENZA
FOZA,PARTITO DEMOCRATICO,134,VICENZA
FOZA,FORZA ITALIA,92,VICENZA
FOZA,MOVIMENTO 5 STELLE BEPPEGRILLO.IT,77,VICENZA
FOZA,FRATELLI D'ITALIA - ALLEANZA NAZIONALE,11,VICENZA
FOZA,NUOVO CENTRO DESTRA - UDC,5,VICENZA
FOZA,ITALIA DEI VALORI,3,VICENZA
FOZA,VERDI EUROPEI-GREEN ITALIA,3,VICENZA
FOZA,SVP,2,VICENZA
FOZA,IO CAMBIO - MAIE,2,VICENZA
FOZA,L'ALTRA EUROPA CON TSIPRAS,1,VICENZA
FOZA,SCELTA EUROPEA,0,VICENZA
GALLIO,PARTITO DEMOCRATICO,419,VICENZA
GALLIO,LEGA NORD-DIE FREIHEITLICHEN-BASTA EURO,397,VICENZA
GALLIO,FORZA ITALIA,314,VICENZA
GALLIO,MOVIMENTO 5 STELLE BEPPEGRILLO.IT,242,VICENZA
GALLIO,FRATELLI D'ITALIA - ALLEANZA NAZIONALE,67,VICENZA
GALLIO,NUOVO CENTRO DESTRA - UDC,41,VICENZA
GALLIO,L'ALTRA EUROPA CON TSIPRAS,23,VICENZA
GALLIO,VERDI EUROPEI-GREEN ITALIA,13,VICENZA
GALLIO,SCELTA EUROPEA,6,VICENZA
GALLIO,ITALIA DEI VALORI,6,VICENZA
GALLIO,SVP,3,VICENZA
GALLIO,IO CAMBIO - MAIE,2,VICENZA
GAMBELLARA,PARTITO DEMOCRATICO,637,VICENZA
GAMBELLARA,MOVIMENTO 5 STELLE BEPPEGRILLO.IT,285,VICENZA
GAMBELLARA,LEGA NORD-DIE FREIHEITLICHEN-BASTA EURO,224,VICENZA
GAMBELLARA,FORZA ITALIA,187,VICENZA
GAMBELLARA,NUOVO CENTRO DESTRA - UDC,46,VICENZA
GAMBELLARA,FRATELLI D'ITALIA - ALLEANZA NAZIONALE,39,VICENZA
GAMBELLARA,L'ALTRA EUROPA CON TSIPRAS,19,VICENZA
GAMBELLARA,VERDI EUROPEI-GREEN ITALIA,8,VICENZA
GAMBELLARA,SCELTA EUROPEA,7,VICENZA
GAMBELLARA,ITALIA DEI VALORI,7,VICENZA
GAMBELLARA,IO CAMBIO - MAIE,1,VICENZA
GAMBELLARA,SVP,1,VICENZA
GAMBUGLIANO,MOVIMENTO 5 STELLE BEPPEGRILLO.IT,119,VICENZA
GAMBUGLIANO,PARTITO DEMOCRATICO,118,VICENZA
GAMBUGLIANO,LEGA NORD-DIE FREIHEITLICHEN-BASTA EURO,95,VICENZA
GAMBUGLIANO,FORZA ITALIA,90,VICENZA
GAMBUGLIANO,FRATELLI D'ITALIA - ALLEANZA NAZIONALE,52,VICENZA
GAMBUGLIANO,NUOVO CENTRO DESTRA - UDC,13,VICENZA
GAMBUGLIANO,VERDI EUROPEI-GREEN ITALIA,7,VICENZA
GAMBUGLIANO,SVP,4,VICENZA
GAMBUGLIANO,SCELTA EUROPEA,4,VICENZA
GAMBUGLIANO,ITALIA DEI VALORI,4,VICENZA
GAMBUGLIANO,L'ALTRA EUROPA CON TSIPRAS,4,VICENZA
GAMBUGLIANO,IO CAMBIO - MAIE,2,VICENZA
GRANCONA,PARTITO DEMOCRATICO,317,VICENZA
GRANCONA,LEGA NORD-DIE FREIHEITLICHEN-BASTA EURO,273,VICENZA
GRANCONA,MOVIMENTO 5 STELLE BEPPEGRILLO.IT,261,VICENZA
GRANCONA,FORZA ITALIA,145,VICENZA
GRANCONA,FRATELLI D'ITALIA - ALLEANZA NAZIONALE,69,VICENZA
GRANCONA,L'ALTRA EUROPA CON TSIPRAS,32,VICENZA
GRANCONA,NUOVO CENTRO DESTRA - UDC,13,VICENZA
GRANCONA,VERDI EUROPEI-GREEN ITALIA,11,VICENZA
GRANCONA,SCELTA EUROPEA,5,VICENZA
GRANCONA,SVP,2,VICENZA
GRANCONA,ITALIA DEI VALORI,2,VICENZA
GRANCONA,IO CAMBIO - MAIE,1,VICENZA
GRISIGNANO DI ZOCCO,PARTITO DEMOCRATICO,718,VICENZA
GRISIGNANO DI ZOCCO,MOVIMENTO 5 STELLE BEPPEGRILLO.IT,457,VICENZA
GRISIGNANO DI ZOCCO,LEGA NORD-DIE FREIHEITLICHEN-BASTA EURO,406,VICENZA
GRISIGNANO DI ZOCCO,FORZA ITALIA,383,VICENZA
GRISIGNANO DI ZOCCO,FRATELLI D'ITALIA - ALLEANZA NAZIONALE,121,VICENZA
GRISIGNANO DI ZOCCO,NUOVO CENTRO DESTRA - UDC,113,VICENZA
GRISIGNANO DI ZOCCO,L'ALTRA EUROPA CON TSIPRAS,19,VICENZA
GRISIGNANO DI ZOCCO,ITALIA DEI VALORI,15,VICENZA
GRISIGNANO DI ZOCCO,VERDI EUROPEI-GREEN ITALIA,14,VICENZA
GRISIGNANO DI ZOCCO,SCELTA EUROPEA,13,VICENZA
GRISIGNANO DI ZOCCO,IO CAMBIO - MAIE,8,VICENZA
GRISIGNANO DI ZOCCO,SVP,5,VICENZA
GRUMOLO DELLE ABBADESSE,PARTITO DEMOCRATICO,659,VICENZA
GRUMOLO DELLE ABBADESSE,MOVIMENTO 5 STELLE BEPPEGRILLO.IT,428,VICENZA
GRUMOLO DELLE ABBADESSE,LEGA NORD-DIE FREIHEITLICHEN-BASTA EURO,339,VICENZA
GRUMOLO DELLE ABBADESSE,FORZA ITALIA,338,VICENZA
GRUMOLO DELLE ABBADESSE,FRATELLI D'ITALIA - ALLEANZA NAZIONALE,78,VICENZA
GRUMOLO DELLE ABBADESSE,NUOVO CENTRO DESTRA - UDC,69,VICENZA
GRUMOLO DELLE ABBADESSE,L'ALTRA EUROPA CON TSIPRAS,30,VICENZA
GRUMOLO DELLE ABBADESSE,VERDI EUROPEI-GREEN ITALIA,23,VICENZA
GRUMOLO DELLE ABBADESSE,ITALIA DEI VALORI,10,VICENZA
GRUMOLO DELLE ABBADESSE,SCELTA EUROPEA,6,VICENZA
GRUMOLO DELLE ABBADESSE,SVP,4,VICENZA
GRUMOLO DELLE ABBADESSE,IO CAMBIO - MAIE,3,VICENZA
ISOLA VICENTINA,PARTITO DEMOCRATICO,1818,VICENZA
ISOLA VICENTINA,MOVIMENTO 5 STELLE BEPPEGRILLO.IT,1163,VICENZA
ISOLA VICENTINA,LEGA NORD-DIE FREIHEITLICHEN-BASTA EURO,990,VICENZA
ISOLA VICENTINA,FORZA ITALIA,628,VICENZA
ISOLA VICENTINA,FRATELLI D'ITALIA - ALLEANZA NAZIONALE,332,VICENZA
ISOLA VICENTINA,NUOVO CENTRO DESTRA - UDC,149,VICENZA
ISOLA VICENTINA,L'ALTRA EUROPA CON TSIPRAS,131,VICENZA
ISOLA VICENTINA,VERDI EUROPEI-GREEN ITALIA,45,VICENZA
ISOLA VICENTINA,ITALIA DEI VALORI,36,VICENZA
ISOLA VICENTINA,SCELTA EUROPEA,35,VICENZA
ISOLA VICENTINA,IO CAMBIO - MAIE,10,VICENZA
ISOLA VICENTINA,SVP,3,VICENZA
LAGHI,PARTITO DEMOCRATICO,22,VICENZA
LAGHI,MOVIMENTO 5 STELLE BEPPEGRILLO.IT,17,VICENZA
LAGHI,FORZA ITALIA,13,VICENZA
LAGHI,LEGA NORD-DIE FREIHEITLICHEN-BASTA EURO,11,VICENZA
LAGHI,NUOVO CENTRO DESTRA - UDC,6,VICENZA
LAGHI,L'ALTRA EUROPA CON TSIPRAS,3,VICENZA
LAGHI,VERDI EUROPEI-GREEN ITALIA,2,VICENZA
LAGHI,SCELTA EUROPEA,1,VICENZA
LAGHI,ITALIA DEI VALORI,1,VICENZA
LAGHI,IO CAMBIO - MAIE,0,VICENZA
LAGHI,SVP,0,VICENZA
LAGHI,FRATELLI D'ITALIA - ALLEANZA NAZIONALE,0,VICENZA
LASTEBASSE,PARTITO DEMOCRATICO,49,VICENZA
LASTEBASSE,NUOVO CENTRO DESTRA - UDC,24,VICENZA
LASTEBASSE,MOVIMENTO 5 STELLE BEPPEGRILLO.IT,17,VICENZA
LASTEBASSE,LEGA NORD-DIE FREIHEITLICHEN-BASTA EURO,17,VICENZA
LASTEBASSE,FORZA ITALIA,11,VICENZA
LASTEBASSE,FRATELLI D'ITALIA - ALLEANZA NAZIONALE,7,VICENZA
LASTEBASSE,SVP,3,VICENZA
LASTEBASSE,SCELTA EUROPEA,1,VICENZA
LASTEBASSE,ITALIA DEI VALORI,0,VICENZA
LASTEBASSE,IO CAMBIO - MAIE,0,VICENZA
LASTEBASSE,VERDI EUROPEI-GREEN ITALIA,0,VICENZA
LASTEBASSE,L'ALTRA EUROPA CON TSIPRAS,0,VICENZA
LONGARE,PARTITO DEMOCRATICO,1104,VICENZA
LONGARE,MOVIMENTO 5 STELLE BEPPEGRILLO.IT,607,VICENZA
LONGARE,LEGA NORD-DIE FREIHEITLICHEN-BASTA EURO,515,VICENZA
LONGARE,FORZA ITALIA,444,VICENZA
LONGARE,NUOVO CENTRO DESTRA - UDC,147,VICENZA
LONGARE,FRATELLI D'ITALIA - ALLEANZA NAZIONALE,147,VICENZA
LONGARE,L'ALTRA EUROPA CON TSIPRAS,75,VICENZA
LONGARE,VERDI EUROPEI-GREEN ITALIA,33,VICENZA
LONGARE,ITALIA DEI VALORI,27,VICENZA
LONGARE,SCELTA EUROPEA,15,VICENZA
LONGARE,SVP,7,VICENZA
LONGARE,IO CAMBIO - MAIE,5,VICENZA
LONIGO,PARTITO DEMOCRATICO,2544,VICENZA
LONIGO,MOVIMENTO 5 STELLE BEPPEGRILLO.IT,1229,VICENZA
LONIGO,LEGA NORD-DIE FREIHEITLICHEN-BASTA EURO,992,VICENZA
LONIGO,FORZA ITALIA,913,VICENZA
LONIGO,NUOVO CENTRO DESTRA - UDC,205,VICENZA
LONIGO,FRATELLI D'ITALIA - ALLEANZA NAZIONALE,186,VICENZA
LONIGO,L'ALTRA EUROPA CON TSIPRAS,127,VICENZA
LONIGO,SCELTA EUROPEA,54,VICENZA
LONIGO,VERDI EUROPEI-GREEN ITALIA,42,VICENZA
LONIGO,ITALIA DEI VALORI,24,VICENZA
LONIGO,IO CAMBIO - MAIE,12,VICENZA
LONIGO,SVP,5,VICENZA
LUGO DI VICENZA,PARTITO DEMOCRATICO,901,VICENZA
LUGO DI VICENZA,LEGA NORD-DIE FREIHEITLICHEN-BASTA EURO,432,VICENZA
LUGO DI VICENZA,MOVIMENTO 5 STELLE BEPPEGRILLO.IT,336,VICENZA
LUGO DI VICENZA,FORZA ITALIA,250,VICENZA
LUGO DI VICENZA,FRATELLI D'ITALIA - ALLEANZA NAZIONALE,117,VICENZA
LUGO DI VICENZA,NUOVO CENTRO DESTRA - UDC,68,VICENZA
LUGO DI VICENZA,L'ALTRA EUROPA CON TSIPRAS,34,VICENZA
LUGO DI VICENZA,VERDI EUROPEI-GREEN ITALIA,20,VICENZA
LUGO DI VICENZA,SCELTA EUROPEA,16,VICENZA
LUGO DI VICENZA,ITALIA DEI VALORI,14,VICENZA
LUGO DI VICENZA,IO CAMBIO - MAIE,8,VICENZA
LUGO DI VICENZA,SVP,3,VICENZA
LUSIANA,PARTITO DEMOCRATICO,547,VICENZA
LUSIANA,LEGA NORD-DIE FREIHEITLICHEN-BASTA EURO,360,VICENZA
LUSIANA,MOVIMENTO 5 STELLE BEPPEGRILLO.IT,232,VICENZA
LUSIANA,FORZA ITALIA,193,VICENZA
LUSIANA,FRATELLI D'ITALIA - ALLEANZA NAZIONALE,71,VICENZA
LUSIANA,NUOVO CENTRO DESTRA - UDC,40,VICENZA
LUSIANA,L'ALTRA EUROPA CON TSIPRAS,27,VICENZA
LUSIANA,VERDI EUROPEI-GREEN ITALIA,16,VICENZA
LUSIANA,ITALIA DEI VALORI,9,VICENZA
LUSIANA,SVP,6,VICENZA
LUSIANA,SCELTA EUROPEA,5,VICENZA
LUSIANA,IO CAMBIO - MAIE,3,VICENZA
MALO,PARTITO DEMOCRATICO,2754,VICENZA
MALO,LEGA NORD-DIE FREIHEITLICHEN-BASTA EURO,1276,VICENZA
MALO,MOVIMENTO 5 STELLE BEPPEGRILLO.IT,1210,VICENZA
MALO,FORZA ITALIA,771,VICENZA
MALO,FRATELLI D'ITALIA - ALLEANZA NAZIONALE,394,VICENZA
MALO,L'ALTRA EUROPA CON TSIPRAS,136,VICENZA
MALO,NUOVO CENTRO DESTRA - UDC,113,VICENZA
MALO,VERDI EUROPEI-GREEN ITALIA,62,VICENZA
MALO,SCELTA EUROPEA,39,VICENZA
MALO,ITALIA DEI VALORI,24,VICENZA
MALO,SVP,16,VICENZA
MALO,IO CAMBIO - MAIE,13,VICENZA
MARANO VICENTINO,PARTITO DEMOCRATICO,1938,VICENZA
MARANO VICENTINO,MOVIMENTO 5 STELLE BEPPEGRILLO.IT,793,VICENZA
MARANO VICENTINO,LEGA NORD-DIE FREIHEITLICHEN-BASTA EURO,649,VICENZA
MARANO VICENTINO,FORZA ITALIA,404,VICENZA
MARANO VICENTINO,FRATELLI D'ITALIA - ALLEANZA NAZIONALE,185,VICENZA
MARANO VICENTINO,L'ALTRA EUROPA CON TSIPRAS,130,VICENZA
MARANO VICENTINO,NUOVO CENTRO DESTRA - UDC,99,VICENZA
MARANO VICENTINO,VERDI EUROPEI-GREEN ITALIA,46,VICENZA
MARANO VICENTINO,SCELTA EUROPEA,28,VICENZA
MARANO VICENTINO,ITALIA DEI VALORI,18,VICENZA
MARANO VICENTINO,IO CAMBIO - MAIE,9,VICENZA
MARANO VICENTINO,SVP,6,VICENZA
MAROSTICA,PARTITO DEMOCRATICO,2707,VICENZA
MAROSTICA,MOVIMENTO 5 STELLE BEPPEGRILLO.IT,1356,VICENZA
MAROSTICA,LEGA NORD-DIE FREIHEITLICHEN-BASTA EURO,1322,VICENZA
MAROSTICA,FORZA ITALIA,715,VICENZA
MAROSTICA,FRATELLI D'ITALIA - ALLEANZA NAZIONALE,223,VICENZA
MAROSTICA,NUOVO CENTRO DESTRA - UDC,157,VICENZA
MAROSTICA,L'ALTRA EUROPA CON TSIPRAS,140,VICENZA
MAROSTICA,VERDI EUROPEI-GREEN ITALIA,72,VICENZA
MAROSTICA,SCELTA EUROPEA,50,VICENZA
MAROSTICA,ITALIA DEI VALORI,31,VICENZA
MAROSTICA,SVP,16,VICENZA
MAROSTICA,IO CAMBIO - MAIE,7,VICENZA
MASON VICENTINO,PARTITO DEMOCRATICO,653,VICENZA
MASON VICENTINO,LEGA NORD-DIE FREIHEITLICHEN-BASTA EURO,509,VICENZA
MASON VICENTINO,MOVIMENTO 5 STELLE BEPPEGRILLO.IT,345,VICENZA
MASON VICENTINO,FORZA ITALIA,240,VICENZA
MASON VICENTINO,FRATELLI D'ITALIA - ALLEANZA NAZIONALE,114,VICENZA
MASON VICENTINO,NUOVO CENTRO DESTRA - UDC,74,VICENZA
MASON VICENTINO,L'ALTRA EUROPA CON TSIPRAS,29,VICENZA
MASON VICENTINO,SCELTA EUROPEA,26,VICENZA
MASON VICENTINO,VERDI EUROPEI-GREEN ITALIA,21,VICENZA
MASON VICENTINO,ITALIA DEI VALORI,13,VICENZA
MASON VICENTINO,IO CAMBIO - MAIE,4,VICENZA
MASON VICENTINO,SVP,2,VICENZA
MOLVENA,PARTITO DEMOCRATICO,565,VICENZA
MOLVENA,LEGA NORD-DIE FREIHEITLICHEN-BASTA EURO,300,VICENZA
MOLVENA,MOVIMENTO 5 STELLE BEPPEGRILLO.IT,238,VICENZA
MOLVENA,FORZA ITALIA,166,VICENZA
MOLVENA,FRATELLI D'ITALIA - ALLEANZA NAZIONALE,81,VICENZA
MOLVENA,NUOVO CENTRO DESTRA - UDC,34,VICENZA
MOLVENA,L'ALTRA EUROPA CON TSIPRAS,25,VICENZA
MOLVENA,SCELTA EUROPEA,19,VICENZA
MOLVENA,VERDI EUROPEI-GREEN ITALIA,13,VICENZA
MOLVENA,IO CAMBIO - MAIE,7,VICENZA
MOLVENA,ITALIA DEI VALORI,5,VICENZA
MOLVENA,SVP,1,VICENZA
MONTEBELLO VICENTINO,PARTITO DEMOCRATICO,1208,VICENZA
MONTEBELLO VICENTINO,MOVIMENTO 5 STELLE BEPPEGRILLO.IT,679,VICENZA
MONTEBELLO VICENTINO,LEGA NORD-DIE FREIHEITLICHEN-BASTA EURO,623,VICENZA
MONTEBELLO VICENTINO,FORZA ITALIA,476,VICENZA
MONTEBELLO VICENTINO,FRATELLI D'ITALIA - ALLEANZA NAZIONALE,151,VICENZA
MONTEBELLO VICENTINO,NUOVO CENTRO DESTRA - UDC,63,VICENZA
MONTEBELLO VICENTINO,L'ALTRA EUROPA CON TSIPRAS,60,VICENZA
MONTEBELLO VICENTINO,VERDI EUROPEI-GREEN ITALIA,42,VICENZA
MONTEBELLO VICENTINO,SCELTA EUROPEA,22,VICENZA
MONTEBELLO VICENTINO,ITALIA DEI VALORI,14,VICENZA
MONTEBELLO VICENTINO,IO CAMBIO - MAIE,12,VICENZA
MONTEBELLO VICENTINO,SVP,4,VICENZA
MONTECCHIO MAGGIORE,PARTITO DEMOCRATICO,3808,VICENZA
MONTECCHIO MAGGIORE,MOVIMENTO 5 STELLE BEPPEGRILLO.IT,2440,VICENZA
MONTECCHIO MAGGIORE,LEGA NORD-DIE FREIHEITLICHEN-BASTA EURO,2253,VICENZA
MONTECCHIO MAGGIORE,FORZA ITALIA,1844,VICENZA
MONTECCHIO MAGGIORE,FRATELLI D'ITALIA - ALLEANZA NAZIONALE,435,VICENZA
MONTECCHIO MAGGIORE,L'ALTRA EUROPA CON TSIPRAS,307,VICENZA
MONTECCHIO MAGGIORE,NUOVO CENTRO DESTRA - UDC,226,VICENZA
MONTECCHIO MAGGIORE,VERDI EUROPEI-GREEN ITALIA,145,VICENZA
MONTECCHIO MAGGIORE,SCELTA EUROPEA,129,VICENZA
MONTECCHIO MAGGIORE,ITALIA DEI VALORI,61,VICENZA
MONTECCHIO MAGGIORE,IO CAMBIO - MAIE,33,VICENZA
MONTECCHIO MAGGIORE,SVP,25,VICENZA
MONTECCHIO PRECALCINO,NUOVO CENTRO DESTRA - UDC,690,VICENZA
MONTECCHIO PRECALCINO,PARTITO DEMOCRATICO,683,VICENZA
MONTECCHIO PRECALCINO,LEGA NORD-DIE FREIHEITLICHEN-BASTA EURO,581,VICENZA
MONTECCHIO PRECALCINO,MOVIMENTO 5 STELLE BEPPEGRILLO.IT,414,VICENZA
MONTECCHIO PRECALCINO,FORZA ITALIA,253,VICENZA
MONTECCHIO PRECALCINO,FRATELLI D'ITALIA - ALLEANZA NAZIONALE,139,VICENZA
MONTECCHIO PRECALCINO,L'ALTRA EUROPA CON TSIPRAS,49,VICENZA
MONTECCHIO PRECALCINO,SCELTA EUROPEA,42,VICENZA
MONTECCHIO PRECALCINO,VERDI EUROPEI-GREEN ITALIA,28,VICENZA
MONTECCHIO PRECALCINO,ITALIA DEI VALORI,22,VICENZA
MONTECCHIO PRECALCINO,IO CAMBIO - MAIE,5,VICENZA
MONTECCHIO PRECALCINO,SVP,4,VICENZA
MONTE DI MALO,PARTITO DEMOCRATICO,600,VICENZA
MONTE DI MALO,LEGA NORD-DIE FREIHEITLICHEN-BASTA EURO,312,VICENZA
MONTE DI MALO,MOVIMENTO 5 STELLE BEPPEGRILLO.IT,291,VICENZA
MONTE DI MALO,FORZA ITALIA,199,VICENZA
MONTE DI MALO,FRATELLI D'ITALIA - ALLEANZA NAZIONALE,141,VICENZA
MONTE DI MALO,NUOVO CENTRO DESTRA - UDC,42,VICENZA
MONTE DI MALO,L'ALTRA EUROPA CON TSIPRAS,24,VICENZA
MONTE DI MALO,ITALIA DEI VALORI,13,VICENZA
MONTE DI MALO,SCELTA EUROPEA,10,VICENZA
MONTE DI MALO,VERDI EUROPEI-GREEN ITALIA,7,VICENZA
MONTE DI MALO,IO CAMBIO - MAIE,5,VICENZA
MONTE DI MALO,SVP,1,VICENZA
MONTEGALDA,PARTITO DEMOCRATICO,561,VICENZA
MONTEGALDA,MOVIMENTO 5 STELLE BEPPEGRILLO.IT,321,VICENZA
MONTEGALDA,FORZA ITALIA,280,VICENZA
MONTEGALDA,LEGA NORD-DIE FREIHEITLICHEN-BASTA EURO,230,VICENZA
MONTEGALDA,FRATELLI D'ITALIA - ALLEANZA NAZIONALE,62,VICENZA
MONTEGALDA,NUOVO CENTRO DESTRA - UDC,60,VICENZA
MONTEGALDA,L'ALTRA EUROPA CON TSIPRAS,24,VICENZA
MONTEGALDA,VERDI EUROPEI-GREEN ITALIA,7,VICENZA
MONTEGALDA,SCELTA EUROPEA,5,VICENZA
MONTEGALDA,ITALIA DEI VALORI,5,VICENZA
MONTEGALDA,IO CAMBIO - MAIE,4,VICENZA
MONTEGALDA,SVP,0,VICENZA
MONTEGALDELLA,PARTITO DEMOCRATICO,343,VICENZA
MONTEGALDELLA,LEGA NORD-DIE FREIHEITLICHEN-BASTA EURO,215,VICENZA
MONTEGALDELLA,FORZA ITALIA,212,VICENZA
MONTEGALDELLA,MOVIMENTO 5 STELLE BEPPEGRILLO.IT,187,VICENZA
MONTEGALDELLA,FRATELLI D'ITALIA - ALLEANZA NAZIONALE,36,VICENZA
MONTEGALDELLA,NUOVO CENTRO DESTRA - UDC,35,VICENZA
MONTEGALDELLA,L'ALTRA EUROPA CON TSIPRAS,12,VICENZA
MONTEGALDELLA,SCELTA EUROPEA,11,VICENZA
MONTEGALDELLA,VERDI EUROPEI-GREEN ITALIA,10,VICENZA
MONTEGALDELLA,ITALIA DEI VALORI,4,VICENZA
MONTEGALDELLA,IO CAMBIO - MAIE,2,VICENZA
MONTEGALDELLA,SVP,0,VICENZA
MONTEVIALE,PARTITO DEMOCRATICO,488,VICENZA
MONTEVIALE,MOVIMENTO 5 STELLE BEPPEGRILLO.IT,253,VICENZA
MONTEVIALE,LEGA NORD-DIE FREIHEITLICHEN-BASTA EURO,168,VICENZA
MONTEVIALE,FORZA ITALIA,147,VICENZA
MONTEVIALE,FRATELLI D'ITALIA - ALLEANZA NAZIONALE,77,VICENZA
MONTEVIALE,NUOVO CENTRO DESTRA - UDC,74,VICENZA
MONTEVIALE,L'ALTRA EUROPA CON TSIPRAS,33,VICENZA
MONTEVIALE,VERDI EUROPEI-GREEN ITALIA,18,VICENZA
MONTEVIALE,SCELTA EUROPEA,16,VICENZA
MONTEVIALE,IO CAMBIO - MAIE,2,VICENZA
MONTEVIALE,SVP,1,VICENZA
MONTEVIALE,ITALIA DEI VALORI,1,VICENZA
MONTICELLO CONTE OTTO,PARTITO DEMOCRATICO,1950,VICENZA
MONTICELLO CONTE OTTO,MOVIMENTO 5 STELLE BEPPEGRILLO.IT,991,VICENZA
MONTICELLO CONTE OTTO,LEGA NORD-DIE FREIHEITLICHEN-BASTA EURO,843,VICENZA
MONTICELLO CONTE OTTO,FORZA ITALIA,692,VICENZA
MONTICELLO CONTE OTTO,FRATELLI D'ITALIA - ALLEANZA NAZIONALE,237,VICENZA
MONTICELLO CONTE OTTO,NUOVO CENTRO DESTRA - UDC,213,VICENZA
MONTICELLO CONTE OTTO,L'ALTRA EUROPA CON TSIPRAS,180,VICENZA
MONTICELLO CONTE OTTO,VERDI EUROPEI-GREEN ITALIA,65,VICENZA
MONTICELLO CONTE OTTO,SCELTA EUROPEA,53,VICENZA
MONTICELLO CONTE OTTO,ITALIA DEI VALORI,36,VICENZA
MONTICELLO CONTE OTTO,SVP,14,VICENZA
MONTICELLO CONTE OTTO,IO CAMBIO - MAIE,12,VICENZA
MONTORSO VICENTINO,PARTITO DEMOCRATICO,563,VICENZA
MONTORSO VICENTINO,LEGA NORD-DIE FREIHEITLICHEN-BASTA EURO,365,VICENZA
MONTORSO VICENTINO,MOVIMENTO 5 STELLE BEPPEGRILLO.IT,268,VICENZA
MONTORSO VICENTINO,FORZA ITALIA,257,VICENZA
MONTORSO VICENTINO,FRATELLI D'ITALIA - ALLEANZA NAZIONALE,110,VICENZA
MONTORSO VICENTINO,NUOVO CENTRO DESTRA - UDC,45,VICENZA
MONTORSO VICENTINO,SCELTA EUROPEA,18,VICENZA
MONTORSO VICENTINO,L'ALTRA EUROPA CON TSIPRAS,15,VICENZA
MONTORSO VICENTINO,ITALIA DEI VALORI,12,VICENZA
MONTORSO VICENTINO,VERDI EUROPEI-GREEN ITALIA,7,VICENZA
MONTORSO VICENTINO,SVP,2,VICENZA
MONTORSO VICENTINO,IO CAMBIO - MAIE,2,VICENZA
MOSSANO,PARTITO DEMOCRATICO,273,VICENZA
MOSSANO,MOVIMENTO 5 STELLE BEPPEGRILLO.IT,156,VICENZA
MOSSANO,LEGA NORD-DIE FREIHEITLICHEN-BASTA EURO,138,VICENZA
MOSSANO,FORZA ITALIA,123,VICENZA
MOSSANO,FRATELLI D'ITALIA - ALLEANZA NAZIONALE,38,VICENZA
MOSSANO,NUOVO CENTRO DESTRA - UDC,32,VICENZA
MOSSANO,L'ALTRA EUROPA CON TSIPRAS,10,VICENZA
MOSSANO,VERDI EUROPEI-GREEN ITALIA,4,VICENZA
MOSSANO,SVP,2,VICENZA
MOSSANO,SCELTA EUROPEA,2,VICENZA
MOSSANO,ITALIA DEI VALORI,2,VICENZA
MOSSANO,IO CAMBIO - MAIE,0,VICENZA
MUSSOLENTE,PARTITO DEMOCRATICO,1356,VICENZA
MUSSOLENTE,LEGA NORD-DIE FREIHEITLICHEN-BASTA EURO,1040,VICENZA
MUSSOLENTE,MOVIMENTO 5 STELLE BEPPEGRILLO.IT,937,VICENZA
MUSSOLENTE,FORZA ITALIA,625,VICENZA
MUSSOLENTE,NUOVO CENTRO DESTRA - UDC,128,VICENZA
MUSSOLENTE,FRATELLI D'ITALIA - ALLEANZA NAZIONALE,120,VICENZA
MUSSOLENTE,L'ALTRA EUROPA CON TSIPRAS,54,VICENZA
MUSSOLENTE,SCELTA EUROPEA,35,VICENZA
MUSSOLENTE,VERDI EUROPEI-GREEN ITALIA,34,VICENZA
MUSSOLENTE,IO CAMBIO - MAIE,10,VICENZA
MUSSOLENTE,ITALIA DEI VALORI,9,VICENZA
MUSSOLENTE,SVP,5,VICENZA
NANTO,PARTITO DEMOCRATICO,481,VICENZA
NANTO,MOVIMENTO 5 STELLE BEPPEGRILLO.IT,311,VICENZA
NANTO,LEGA NORD-DIE FREIHEITLICHEN-BASTA EURO,241,VICENZA
NANTO,FORZA ITALIA,232,VICENZA
NANTO,FRATELLI D'ITALIA - ALLEANZA NAZIONALE,80,VICENZA
NANTO,NUOVO CENTRO DESTRA - UDC,35,VICENZA
NANTO,VERDI EUROPEI-GREEN ITALIA,15,VICENZA
NANTO,L'ALTRA EUROPA CON TSIPRAS,13,VICENZA
NANTO,SCELTA EUROPEA,9,VICENZA
NANTO,ITALIA DEI VALORI,3,VICENZA
NANTO,SVP,2,VICENZA
NANTO,IO CAMBIO - MAIE,0,VICENZA
NOGAROLE VICENTINO,LEGA NORD-DIE FREIHEITLICHEN-BASTA EURO,182,VICENZA
NOGAROLE VICENTINO,PARTITO DEMOCRATICO,168,VICENZA
NOGAROLE VICENTINO,MOVIMENTO 5 STELLE BEPPEGRILLO.IT,126,VICENZA
NOGAROLE VICENTINO,FORZA ITALIA,89,VICENZA
NOGAROLE VICENTINO,FRATELLI D'ITALIA - ALLEANZA NAZIONALE,84,VICENZA
NOGAROLE VICENTINO,NUOVO CENTRO DESTRA - UDC,52,VICENZA
NOGAROLE VICENTINO,SCELTA EUROPEA,8,VICENZA
NOGAROLE VICENTINO,L'ALTRA EUROPA CON TSIPRAS,7,VICENZA
NOGAROLE VICENTINO,ITALIA DEI VALORI,4,VICENZA
NOGAROLE VICENTINO,VERDI EUROPEI-GREEN ITALIA,2,VICENZA
NOGAROLE VICENTINO,SVP,0,VICENZA
NOGAROLE VICENTINO,IO CAMBIO - MAIE,0,VICENZA
NOVE,PARTITO DEMOCRATICO,1112,VICENZA
NOVE,LEGA NORD-DIE FREIHEITLICHEN-BASTA EURO,703,VICENZA
NOVE,MOVIMENTO 5 STELLE BEPPEGRILLO.IT,589,VICENZA
NOVE,FORZA ITALIA,295,VICENZA
NOVE,FRATELLI D'ITALIA - ALLEANZA NAZIONALE,97,VICENZA
NOVE,L'ALTRA EUROPA CON TSIPRAS,62,VICENZA
NOVE,NUOVO CENTRO DESTRA - UDC,42,VICENZA
NOVE,VERDI EUROPEI-GREEN ITALIA,37,VICENZA
NOVE,SCELTA EUROPEA,23,VICENZA
NOVE,ITALIA DEI VALORI,20,VICENZA
NOVE,IO CAMBIO - MAIE,9,VICENZA
NOVE,SVP,5,VICENZA
NOVENTA VICENTINA,PARTITO DEMOCRATICO,1614,VICENZA
NOVENTA VICENTINA,MOVIMENTO 5 STELLE BEPPEGRILLO.IT,908,VICENZA
NOVENTA VICENTINA,LEGA NORD-DIE FREIHEITLICHEN-BASTA EURO,773,VICENZA
NOVENTA VICENTINA,FORZA ITALIA,695,VICENZA
NOVENTA VICENTINA,FRATELLI D'ITALIA - ALLEANZA NAZIONALE,347,VICENZA
NOVENTA VICENTINA,NUOVO CENTRO DESTRA - UDC,147,VICENZA
NOVENTA VICENTINA,L'ALTRA EUROPA CON TSIPRAS,60,VICENZA
NOVENTA VICENTINA,VERDI EUROPEI-GREEN ITALIA,51,VICENZA
NOVENTA VICENTINA,SCELTA EUROPEA,37,VICENZA
NOVENTA VICENTINA,ITALIA DEI VALORI,27,VICENZA
NOVENTA VICENTINA,IO CAMBIO - MAIE,10,VICENZA
NOVENTA VICENTINA,SVP,0,VICENZA
ORGIANO,PARTITO DEMOCRATICO,469,VICENZA
ORGIANO,LEGA NORD-DIE FREIHEITLICHEN-BASTA EURO,307,VICENZA
ORGIANO,MOVIMENTO 5 STELLE BEPPEGRILLO.IT,269,VICENZA
ORGIANO,FORZA ITALIA,223,VICENZA
ORGIANO,FRATELLI D'ITALIA - ALLEANZA NAZIONALE,78,VICENZA
ORGIANO,NUOVO CENTRO DESTRA - UDC,28,VICENZA
ORGIANO,VERDI EUROPEI-GREEN ITALIA,19,VICENZA
ORGIANO,L'ALTRA EUROPA CON TSIPRAS,11,VICENZA
ORGIANO,ITALIA DEI VALORI,8,VICENZA
ORGIANO,SCELTA EUROPEA,7,VICENZA
ORGIANO,SVP,4,VICENZA
ORGIANO,IO CAMBIO - MAIE,3,VICENZA
PEDEMONTE,PARTITO DEMOCRATICO,152,VICENZA
PEDEMONTE,SVP,138,VICENZA
PEDEMONTE,MOVIMENTO 5 STELLE BEPPEGRILLO.IT,53,VICENZA
PEDEMONTE,LEGA NORD-DIE FREIHEITLICHEN-BASTA EURO,53,VICENZA
PEDEMONTE,FORZA ITALIA,49,VICENZA
PEDEMONTE,FRATELLI D'ITALIA - ALLEANZA NAZIONALE,23,VICENZA
PEDEMONTE,NUOVO CENTRO DESTRA - UDC,12,VICENZA
PEDEMONTE,L'ALTRA EUROPA CON TSIPRAS,5,VICENZA
PEDEMONTE,VERDI EUROPEI-GREEN ITALIA,4,VICENZA
PEDEMONTE,ITALIA DEI VALORI,1,VICENZA
PEDEMONTE,SCELTA EUROPEA,0,VICENZA
PEDEMONTE,IO CAMBIO - MAIE,0,VICENZA
PIANEZZE,PARTITO DEMOCRATICO,483,VICENZA
PIANEZZE,LEGA NORD-DIE FREIHEITLICHEN-BASTA EURO,268,VICENZA
PIANEZZE,MOVIMENTO 5 STELLE BEPPEGRILLO.IT,234,VICENZA
PIANEZZE,FORZA ITALIA,143,VICENZA
PIANEZZE,NUOVO CENTRO DESTRA - UDC,47,VICENZA
PIANEZZE,FRATELLI D'ITALIA - ALLEANZA NAZIONALE,39,VICENZA
PIANEZZE,SCELTA EUROPEA,24,VICENZA
PIANEZZE,L'ALTRA EUROPA CON TSIPRAS,18,VICENZA
PIANEZZE,VERDI EUROPEI-GREEN ITALIA,14,VICENZA
PIANEZZE,ITALIA DEI VALORI,9,VICENZA
PIANEZZE,SVP,7,VICENZA
PIANEZZE,IO CAMBIO - MAIE,3,VICENZA
PIOVENE ROCCHETTE,PARTITO DEMOCRATICO,1598,VICENZA
PIOVENE ROCCHETTE,LEGA NORD-DIE FREIHEITLICHEN-BASTA EURO,869,VICENZA
PIOVENE ROCCHETTE,MOVIMENTO 5 STELLE BEPPEGRILLO.IT,777,VICENZA
PIOVENE ROCCHETTE,FORZA ITALIA,478,VICENZA
PIOVENE ROCCHETTE,FRATELLI D'ITALIA - ALLEANZA NAZIONALE,197,VICENZA
PIOVENE ROCCHETTE,NUOVO CENTRO DESTRA - UDC,110,VICENZA
PIOVENE ROCCHETTE,L'ALTRA EUROPA CON TSIPRAS,109,VICENZA
PIOVENE ROCCHETTE,VERDI EUROPEI-GREEN ITALIA,37,VICENZA
PIOVENE ROCCHETTE,SCELTA EUROPEA,37,VICENZA
PIOVENE ROCCHETTE,ITALIA DEI VALORI,19,VICENZA
PIOVENE ROCCHETTE,SVP,13,VICENZA
PIOVENE ROCCHETTE,IO CAMBIO - MAIE,9,VICENZA
POJANA MAGGIORE,PARTITO DEMOCRATICO,775,VICENZA
POJANA MAGGIORE,LEGA NORD-DIE FREIHEITLICHEN-BASTA EURO,566,VICENZA
POJANA MAGGIORE,FORZA ITALIA,455,VICENZA
POJANA MAGGIORE,MOVIMENTO 5 STELLE BEPPEGRILLO.IT,398,VICENZA
POJANA MAGGIORE,FRATELLI D'ITALIA - ALLEANZA NAZIONALE,98,VICENZA
POJANA MAGGIORE,NUOVO CENTRO DESTRA - UDC,83,VICENZA
POJANA MAGGIORE,L'ALTRA EUROPA CON TSIPRAS,37,VICENZA
POJANA MAGGIORE,VERDI EUROPEI-GREEN ITALIA,22,VICENZA
POJANA MAGGIORE,SCELTA EUROPEA,10,VICENZA
POJANA MAGGIORE,ITALIA DEI VALORI,7,VICENZA
POJANA MAGGIORE,SVP,5,VICENZA
POJANA MAGGIORE,IO CAMBIO - MAIE,4,VICENZA
POSINA,PARTITO DEMOCRATICO,82,VICENZA
POSINA,LEGA NORD-DIE FREIHEITLICHEN-BASTA EURO,66,VICENZA
POSINA,FORZA ITALIA,39,VICENZA
POSINA,MOVIMENTO 5 STELLE BEPPEGRILLO.IT,30,VICENZA
POSINA,FRATELLI D'ITALIA - ALLEANZA NAZIONALE,15,VICENZA
POSINA,VERDI EUROPEI-GREEN ITALIA,4,VICENZA
POSINA,NUOVO CENTRO DESTRA - UDC,4,VICENZA
POSINA,L'ALTRA EUROPA CON TSIPRAS,2,VICENZA
POSINA,SCELTA EUROPEA,1,VICENZA
POSINA,SVP,0,VICENZA
POSINA,ITALIA DEI VALORI,0,VICENZA
POSINA,IO CAMBIO - MAIE,0,VICENZA
POVE DEL GRAPPA,PARTITO DEMOCRATICO,688,VICENZA
POVE DEL GRAPPA,MOVIMENTO 5 STELLE BEPPEGRILLO.IT,383,VICENZA
POVE DEL GRAPPA,LEGA NORD-DIE FREIHEITLICHEN-BASTA EURO,350,VICENZA
POVE DEL GRAPPA,FORZA ITALIA,316,VICENZA
POVE DEL GRAPPA,FRATELLI D'ITALIA - ALLEANZA NAZIONALE,55,VICENZA
POVE DEL GRAPPA,L'ALTRA EUROPA CON TSIPRAS,55,VICENZA
POVE DEL GRAPPA,NUOVO CENTRO DESTRA - UDC,47,VICENZA
POVE DEL GRAPPA,VERDI EUROPEI-GREEN ITALIA,20,VICENZA
POVE DEL GRAPPA,SCELTA EUROPEA,11,VICENZA
POVE DEL GRAPPA,ITALIA DEI VALORI,10,VICENZA
POVE DEL GRAPPA,SVP,4,VICENZA
POVE DEL GRAPPA,IO CAMBIO - MAIE,1,VICENZA
POZZOLEONE,LEGA NORD-DIE FREIHEITLICHEN-BASTA EURO,445,VICENZA
POZZOLEONE,PARTITO DEMOCRATICO,443,VICENZA
POZZOLEONE,FORZA ITALIA,257,VICENZA
POZZOLEONE,MOVIMENTO 5 STELLE BEPPEGRILLO.IT,249,VICENZA
POZZOLEONE,NUOVO CENTRO DESTRA - UDC,80,VICENZA
POZZOLEONE,FRATELLI D'ITALIA - ALLEANZA NAZIONALE,79,VICENZA
POZZOLEONE,SCELTA EUROPEA,16,VICENZA
POZZOLEONE,L'ALTRA EUROPA CON TSIPRAS,15,VICENZA
POZZOLEONE,ITALIA DEI VALORI,8,VICENZA
POZZOLEONE,VERDI EUROPEI-GREEN ITALIA,8,VICENZA
POZZOLEONE,IO CAMBIO - MAIE,7,VICENZA
POZZOLEONE,SVP,3,VICENZA
QUINTO VICENTINO,PARTITO DEMOCRATICO,995,VICENZA
QUINTO VICENTINO,MOVIMENTO 5 STELLE BEPPEGRILLO.IT,541,VICENZA
QUINTO VICENTINO,LEGA NORD-DIE FREIHEITLICHEN-BASTA EURO,375,VICENZA
QUINTO VICENTINO,FORZA ITALIA,326,VICENZA
QUINTO VICENTINO,FRATELLI D'ITALIA - ALLEANZA NAZIONALE,178,VICENZA
QUINTO VICENTINO,NUOVO CENTRO DESTRA - UDC,76,VICENZA
QUINTO VICENTINO,L'ALTRA EUROPA CON TSIPRAS,56,VICENZA
QUINTO VICENTINO,VERDI EUROPEI-GREEN ITALIA,28,VICENZA
QUINTO VICENTINO,SCELTA EUROPEA,15,VICENZA
QUINTO VICENTINO,ITALIA DEI VALORI,11,VICENZA
QUINTO VICENTINO,SVP,6,VICENZA
QUINTO VICENTINO,IO CAMBIO - MAIE,3,VICENZA
RECOARO TERME,PARTITO DEMOCRATICO,1334,VICENZA
RECOARO TERME,MOVIMENTO 5 STELLE BEPPEGRILLO.IT,652,VICENZA
RECOARO TERME,LEGA NORD-DIE FREIHEITLICHEN-BASTA EURO,367,VICENZA
RECOARO TERME,FRATELLI D'ITALIA - ALLEANZA NAZIONALE,245,VICENZA
RECOARO TERME,FORZA ITALIA,220,VICENZA
RECOARO TERME,L'ALTRA EUROPA CON TSIPRAS,94,VICENZA
RECOARO TERME,NUOVO CENTRO DESTRA - UDC,73,VICENZA
RECOARO TERME,VERDI EUROPEI-GREEN ITALIA,23,VICENZA
RECOARO TERME,ITALIA DEI VALORI,11,VICENZA
RECOARO TERME,SVP,11,VICENZA
RECOARO TERME,SCELTA EUROPEA,5,VICENZA
RECOARO TERME,IO CAMBIO - MAIE,5,VICENZA
ROANA,PARTITO DEMOCRATICO,759,VICENZA
ROANA,FORZA ITALIA,593,VICENZA
ROANA,LEGA NORD-DIE FREIHEITLICHEN-BASTA EURO,590,VICENZA
ROANA,MOVIMENTO 5 STELLE BEPPEGRILLO.IT,414,VICENZA
ROANA,FRATELLI D'ITALIA - ALLEANZA NAZIONALE,247,VICENZA
ROANA,NUOVO CENTRO DESTRA - UDC,59,VICENZA
ROANA,L'ALTRA EUROPA CON TSIPRAS,27,VICENZA
ROANA,VERDI EUROPEI-GREEN ITALIA,23,VICENZA
ROANA,ITALIA DEI VALORI,16,VICENZA
ROANA,SCELTA EUROPEA,14,VICENZA
ROANA,SVP,11,VICENZA
ROANA,IO CAMBIO - MAIE,4,VICENZA
ROMANO D'EZZELINO,PARTITO DEMOCRATICO,2441,VICENZA
ROMANO D'EZZELINO,MOVIMENTO 5 STELLE BEPPEGRILLO.IT,1366,VICENZA
ROMANO D'EZZELINO,LEGA NORD-DIE FREIHEITLICHEN-BASTA EURO,1295,VICENZA
ROMANO D'EZZELINO,FORZA ITALIA,1032,VICENZA
ROMANO D'EZZELINO,NUOVO CENTRO DESTRA - UDC,207,VICENZA
ROMANO D'EZZELINO,FRATELLI D'ITALIA - ALLEANZA NAZIONALE,175,VICENZA
ROMANO D'EZZELINO,L'ALTRA EUROPA CON TSIPRAS,113,VICENZA
ROMANO D'EZZELINO,VERDI EUROPEI-GREEN ITALIA,71,VICENZA
ROMANO D'EZZELINO,SCELTA EUROPEA,51,VICENZA
ROMANO D'EZZELINO,ITALIA DEI VALORI,31,VICENZA
ROMANO D'EZZELINO,IO CAMBIO - MAIE,8,VICENZA
ROMANO D'EZZELINO,SVP,8,VICENZA
ROSA',PARTITO DEMOCRATICO,2137,VICENZA
ROSA',LEGA NORD-DIE FREIHEITLICHEN-BASTA EURO,1755,VICENZA
ROSA',MOVIMENTO 5 STELLE BEPPEGRILLO.IT,1433,VICENZA
ROSA',FORZA ITALIA,918,VICENZA
ROSA',NUOVO CENTRO DESTRA - UDC,155,VICENZA
ROSA',FRATELLI D'ITALIA - ALLEANZA NAZIONALE,120,VICENZA
ROSA',L'ALTRA EUROPA CON TSIPRAS,97,VICENZA
ROSA',VERDI EUROPEI-GREEN ITALIA,69,VICENZA
ROSA',SCELTA EUROPEA,44,VICENZA
ROSA',ITALIA DEI VALORI,24,VICENZA
ROSA',IO CAMBIO - MAIE,10,VICENZA
ROSA',SVP,7,VICENZA
ROSSANO VENETO,PARTITO DEMOCRATICO,1117,VICENZA
ROSSANO VENETO,LEGA NORD-DIE FREIHEITLICHEN-BASTA EURO,808,VICENZA
ROSSANO VENETO,MOVIMENTO 5 STELLE BEPPEGRILLO.IT,769,VICENZA
ROSSANO VENETO,FORZA ITALIA,645,VICENZA
ROSSANO VENETO,FRATELLI D'ITALIA - ALLEANZA NAZIONALE,90,VICENZA
ROSSANO VENETO,NUOVO CENTRO DESTRA - UDC,81,VICENZA
ROSSANO VENETO,L'ALTRA EUROPA CON TSIPRAS,38,VICENZA
ROSSANO VENETO,VERDI EUROPEI-GREEN ITALIA,23,VICENZA
ROSSANO VENETO,SCELTA EUROPEA,12,VICENZA
ROSSANO VENETO,ITALIA DEI VALORI,12,VICENZA
ROSSANO VENETO,IO CAMBIO - MAIE,5,VICENZA
ROSSANO VENETO,SVP,3,VICENZA
ROTZO,PARTITO DEMOCRATICO,149,VICENZA
ROTZO,MOVIMENTO 5 STELLE BEPPEGRILLO.IT,59,VICENZA
ROTZO,LEGA NORD-DIE FREIHEITLICHEN-BASTA EURO,55,VICENZA
ROTZO,FORZA ITALIA,22,VICENZA
ROTZO,NUOVO CENTRO DESTRA - UDC,12,VICENZA
ROTZO,FRATELLI D'ITALIA - ALLEANZA NAZIONALE,12,VICENZA
ROTZO,L'ALTRA EUROPA CON TSIPRAS,4,VICENZA
ROTZO,VERDI EUROPEI-GREEN ITALIA,2,VICENZA
ROTZO,IO CAMBIO - MAIE,1,VICENZA
ROTZO,SCELTA EUROPEA,0,VICENZA
ROTZO,ITALIA DEI VALORI,0,VICENZA
ROTZO,SVP,0,VICENZA
SALCEDO,PARTITO DEMOCRATICO,185,VICENZA
SALCEDO,LEGA NORD-DIE FREIHEITLICHEN-BASTA EURO,154,VICENZA
SALCEDO,MOVIMENTO 5 STELLE BEPPEGRILLO.IT,99,VICENZA
SALCEDO,FORZA ITALIA,85,VICENZA
SALCEDO,NUOVO CENTRO DESTRA - UDC,85,VICENZA
SALCEDO,FRATELLI D'ITALIA - ALLEANZA NAZIONALE,21,VICENZA
SALCEDO,L'ALTRA EUROPA CON TSIPRAS,6,VICENZA
SALCEDO,SCELTA EUROPEA,3,VICENZA
SALCEDO,ITALIA DEI VALORI,3,VICENZA
SALCEDO,IO CAMBIO - MAIE,1,VICENZA
SALCEDO,VERDI EUROPEI-GREEN ITALIA,1,VICENZA
SALCEDO,SVP,1,VICENZA
SANDRIGO,PARTITO DEMOCRATICO,1448,VICENZA
SANDRIGO,LEGA NORD-DIE FREIHEITLICHEN-BASTA EURO,650,VICENZA
SANDRIGO,MOVIMENTO 5 STELLE BEPPEGRILLO.IT,630,VICENZA
SANDRIGO,FORZA ITALIA,494,VICENZA
SANDRIGO,FRATELLI D'ITALIA - ALLEANZA NAZIONALE,177,VICENZA
SANDRIGO,NUOVO CENTRO DESTRA - UDC,145,VICENZA
SANDRIGO,L'ALTRA EUROPA CON TSIPRAS,60,VICENZA
SANDRIGO,SCELTA EUROPEA,34,VICENZA
SANDRIGO,VERDI EUROPEI-GREEN ITALIA,30,VICENZA
SANDRIGO,ITALIA DEI VALORI,17,VICENZA
SANDRIGO,IO CAMBIO - MAIE,7,VICENZA
SANDRIGO,SVP,3,VICENZA
SAN GERMANO DEI BERICI,PARTITO DEMOCRATICO,171,VICENZA
SAN GERMANO DEI BERICI,MOVIMENTO 5 STELLE BEPPEGRILLO.IT,123,VICENZA
SAN GERMANO DEI BERICI,FORZA ITALIA,107,VICENZA
SAN GERMANO DEI BERICI,LEGA NORD-DIE FREIHEITLICHEN-BASTA EURO,89,VICENZA
SAN GERMANO DEI BERICI,FRATELLI D'ITALIA - ALLEANZA NAZIONALE,28,VICENZA
SAN GERMANO DEI BERICI,L'ALTRA EUROPA CON TSIPRAS,16,VICENZA
SAN GERMANO DEI BERICI,NUOVO CENTRO DESTRA - UDC,12,VICENZA
SAN GERMANO DEI BERICI,VERDI EUROPEI-GREEN ITALIA,4,VICENZA
SAN GERMANO DEI BERICI,SCELTA EUROPEA,2,VICENZA
SAN GERMANO DEI BERICI,ITALIA DEI VALORI,2,VICENZA
SAN GERMANO DEI BERICI,SVP,1,VICENZA
SAN GERMANO DEI BERICI,IO CAMBIO - MAIE,1,VICENZA
SAN NAZARIO,PARTITO DEMOCRATICO,362,VICENZA
SAN NAZARIO,MOVIMENTO 5 STELLE BEPPEGRILLO.IT,202,VICENZA
SAN NAZARIO,LEGA NORD-DIE FREIHEITLICHEN-BASTA EURO,166,VICENZA
SAN NAZARIO,FORZA ITALIA,101,VICENZA
SAN NAZARIO,FRATELLI D'ITALIA - ALLEANZA NAZIONALE,35,VICENZA
SAN NAZARIO,L'ALTRA EUROPA CON TSIPRAS,28,VICENZA
SAN NAZARIO,NUOVO CENTRO DESTRA - UDC,19,VICENZA
SAN NAZARIO,VERDI EUROPEI-GREEN ITALIA,17,VICENZA
SAN NAZARIO,SCELTA EUROPEA,11,VICENZA
SAN NAZARIO,ITALIA DEI VALORI,7,VICENZA
SAN NAZARIO,SVP,2,VICENZA
SAN NAZARIO,IO CAMBIO - MAIE,1,VICENZA
SAN PIETRO MUSSOLINO,LEGA NORD-DIE FREIHEITLICHEN-BASTA EURO,250,VICENZA
SAN PIETRO MUSSOLINO,PARTITO DEMOCRATICO,224,VICENZA
SAN PIETRO MUSSOLINO,MOVIMENTO 5 STELLE BEPPEGRILLO.IT,141,VICENZA
SAN PIETRO MUSSOLINO,FORZA ITALIA,108,VICENZA
SAN PIETRO MUSSOLINO,FRATELLI D'ITALIA - ALLEANZA NAZIONALE,73,VICENZA
SAN PIETRO MUSSOLINO,NUOVO CENTRO DESTRA - UDC,21,VICENZA
SAN PIETRO MUSSOLINO,VERDI EUROPEI-GREEN ITALIA,10,VICENZA
SAN PIETRO MUSSOLINO,L'ALTRA EUROPA CON TSIPRAS,8,VICENZA
SAN PIETRO MUSSOLINO,ITALIA DEI VALORI,5,VICENZA
SAN PIETRO MUSSOLINO,SCELTA EUROPEA,4,VICENZA
SAN PIETRO MUSSOLINO,SVP,1,VICENZA
SAN PIETRO MUSSOLINO,IO CAMBIO - MAIE,1,VICENZA
SANTORSO,PARTITO DEMOCRATICO,1381,VICENZA
SANTORSO,LEGA NORD-DIE FREIHEITLICHEN-BASTA EURO,627,VICENZA
SANTORSO,MOVIMENTO 5 STELLE BEPPEGRILLO.IT,553,VICENZA
SANTORSO,FORZA ITALIA,281,VICENZA
SANTORSO,FRATELLI D'ITALIA - ALLEANZA NAZIONALE,210,VICENZA
SANTORSO,L'ALTRA EUROPA CON TSIPRAS,117,VICENZA
SANTORSO,NUOVO CENTRO DESTRA - UDC,57,VICENZA
SANTORSO,VERDI EUROPEI-GREEN ITALIA,46,VICENZA
SANTORSO,SCELTA EUROPEA,32,VICENZA
SANTORSO,ITALIA DEI VALORI,17,VICENZA
SANTORSO,SVP,7,VICENZA
SANTORSO,IO CAMBIO - MAIE,3,VICENZA
SAN VITO DI LEGUZZANO,PARTITO DEMOCRATICO,863,VICENZA
SAN VITO DI LEGUZZANO,LEGA NORD-DIE FREIHEITLICHEN-BASTA EURO,418,VICENZA
SAN VITO DI LEGUZZANO,MOVIMENTO 5 STELLE BEPPEGRILLO.IT,368,VICENZA
SAN VITO DI LEGUZZANO,FORZA ITALIA,189,VICENZA
SAN VITO DI LEGUZZANO,FRATELLI D'ITALIA - ALLEANZA NAZIONALE,85,VICENZA
SAN VITO DI LEGUZZANO,L'ALTRA EUROPA CON TSIPRAS,55,VICENZA
SAN VITO DI LEGUZZANO,NUOVO CENTRO DESTRA - UDC,35,VICENZA
SAN VITO DI LEGUZZANO,VERDI EUROPEI-GREEN ITALIA,14,VICENZA
SAN VITO DI LEGUZZANO,SCELTA EUROPEA,12,VICENZA
SAN VITO DI LEGUZZANO,SVP,7,VICENZA
SAN VITO DI LEGUZZANO,ITALIA DEI VALORI,6,VICENZA
SAN VITO DI LEGUZZANO,IO CAMBIO - MAIE,2,VICENZA
SARCEDO,PARTITO DEMOCRATICO,1150,VICENZA
SARCEDO,LEGA NORD-DIE FREIHEITLICHEN-BASTA EURO,621,VICENZA
SARCEDO,MOVIMENTO 5 STELLE BEPPEGRILLO.IT,563,VICENZA
SARCEDO,FORZA ITALIA,357,VICENZA
SARCEDO,FRATELLI D'ITALIA - ALLEANZA NAZIONALE,161,VICENZA
SARCEDO,NUOVO CENTRO DESTRA - UDC,123,VICENZA
SARCEDO,L'ALTRA EUROPA CON TSIPRAS,73,VICENZA
SARCEDO,VERDI EUROPEI-GREEN ITALIA,34,VICENZA
SARCEDO,SCELTA EUROPEA,19,VICENZA
SARCEDO,ITALIA DEI VALORI,12,VICENZA
SARCEDO,SVP,4,VICENZA
SARCEDO,IO CAMBIO - MAIE,4,VICENZA
SAREGO,PARTITO DEMOCRATICO,929,VICENZA
SAREGO,MOVIMENTO 5 STELLE BEPPEGRILLO.IT,707,VICENZA
SAREGO,LEGA NORD-DIE FREIHEITLICHEN-BASTA EURO,520,VICENZA
SAREGO,FORZA ITALIA,339,VICENZA
SAREGO,FRATELLI D'ITALIA - ALLEANZA NAZIONALE,107,VICENZA
SAREGO,NUOVO CENTRO DESTRA - UDC,88,VICENZA
SAREGO,SCELTA EUROPEA,26,VICENZA
SAREGO,L'ALTRA EUROPA CON TSIPRAS,26,VICENZA
SAREGO,VERDI EUROPEI-GREEN ITALIA,22,VICENZA
SAREGO,ITALIA DEI VALORI,17,VICENZA
SAREGO,IO CAMBIO - MAIE,6,VICENZA
SAREGO,SVP,5,VICENZA
SCHIAVON,PARTITO DEMOCRATICO,467,VICENZA
SCHIAVON,LEGA NORD-DIE FREIHEITLICHEN-BASTA EURO,329,VICENZA
SCHIAVON,FORZA ITALIA,266,VICENZA
SCHIAVON,MOVIMENTO 5 STELLE BEPPEGRILLO.IT,226,VICENZA
SCHIAVON,FRATELLI D'ITALIA - ALLEANZA NAZIONALE,55,VICENZA
SCHIAVON,NUOVO CENTRO DESTRA - UDC,45,VICENZA
SCHIAVON,L'ALTRA EUROPA CON TSIPRAS,18,VICENZA
SCHIAVON,VERDI EUROPEI-GREEN ITALIA,14,VICENZA
SCHIAVON,SCELTA EUROPEA,8,VICENZA
SCHIAVON,ITALIA DEI VALORI,5,VICENZA
SCHIAVON,IO CAMBIO - MAIE,3,VICENZA
SCHIAVON,SVP,1,VICENZA
SCHIO,PARTITO DEMOCRATICO,8795,VICENZA
SCHIO,MOVIMENTO 5 STELLE BEPPEGRILLO.IT,3604,VICENZA
SCHIO,LEGA NORD-DIE FREIHEITLICHEN-BASTA EURO,2892,VICENZA
SCHIO,FORZA ITALIA,1981,VICENZA
SCHIO,FRATELLI D'ITALIA - ALLEANZA NAZIONALE,924,VICENZA
SCHIO,L'ALTRA EUROPA CON TSIPRAS,879,VICENZA
SCHIO,NUOVO CENTRO DESTRA - UDC,447,VICENZA
SCHIO,SCELTA EUROPEA,224,VICENZA
SCHIO,VERDI EUROPEI-GREEN ITALIA,204,VICENZA
SCHIO,ITALIA DEI VALORI,86,VICENZA
SCHIO,SVP,40,VICENZA
SCHIO,IO CAMBIO - MAIE,36,VICENZA
SOLAGNA,PARTITO DEMOCRATICO,366,VICENZA
SOLAGNA,MOVIMENTO 5 STELLE BEPPEGRILLO.IT,272,VICENZA
SOLAGNA,LEGA NORD-DIE FREIHEITLICHEN-BASTA EURO,143,VICENZA
SOLAGNA,FORZA ITALIA,142,VICENZA
SOLAGNA,L'ALTRA EUROPA CON TSIPRAS,43,VICENZA
SOLAGNA,FRATELLI D'ITALIA - ALLEANZA NAZIONALE,29,VICENZA
SOLAGNA,VERDI EUROPEI-GREEN ITALIA,17,VICENZA
SOLAGNA,NUOVO CENTRO DESTRA - UDC,13,VICENZA
SOLAGNA,SCELTA EUROPEA,12,VICENZA
SOLAGNA,ITALIA DEI VALORI,4,VICENZA
SOLAGNA,SVP,3,VICENZA
SOLAGNA,IO CAMBIO - MAIE,1,VICENZA
SOSSANO,PARTITO DEMOCRATICO,645,VICENZA
SOSSANO,LEGA NORD-DIE FREIHEITLICHEN-BASTA EURO,588,VICENZA
SOSSANO,FORZA ITALIA,431,VICENZA
SOSSANO,MOVIMENTO 5 STELLE BEPPEGRILLO.IT,398,VICENZA
SOSSANO,FRATELLI D'ITALIA - ALLEANZA NAZIONALE,97,VICENZA
SOSSANO,NUOVO CENTRO DESTRA - UDC,75,VICENZA
SOSSANO,L'ALTRA EUROPA CON TSIPRAS,37,VICENZA
SOSSANO,VERDI EUROPEI-GREEN ITALIA,25,VICENZA
SOSSANO,SCELTA EUROPEA,17,VICENZA
SOSSANO,ITALIA DEI VALORI,9,VICENZA
SOSSANO,IO CAMBIO - MAIE,5,VICENZA
SOSSANO,SVP,1,VICENZA
SOVIZZO,PARTITO DEMOCRATICO,1349,VICENZA
SOVIZZO,MOVIMENTO 5 STELLE BEPPEGRILLO.IT,849,VICENZA
SOVIZZO,LEGA NORD-DIE FREIHEITLICHEN-BASTA EURO,730,VICENZA
SOVIZZO,FORZA ITALIA,573,VICENZA
SOVIZZO,FRATELLI D'ITALIA - ALLEANZA NAZIONALE,188,VICENZA
SOVIZZO,NUOVO CENTRO DESTRA - UDC,94,VICENZA
SOVIZZO,L'ALTRA EUROPA CON TSIPRAS,91,VICENZA
SOVIZZO,VERDI EUROPEI-GREEN ITALIA,52,VICENZA
SOVIZZO,SCELTA EUROPEA,37,VICENZA
SOVIZZO,ITALIA DEI VALORI,12,VICENZA
SOVIZZO,SVP,4,VICENZA
SOVIZZO,IO CAMBIO - MAIE,3,VICENZA
TEZZE SUL BRENTA,LEGA NORD-DIE FREIHEITLICHEN-BASTA EURO,2153,VICENZA
TEZZE SUL BRENTA,PARTITO DEMOCRATICO,1737,VICENZA
TEZZE SUL BRENTA,MOVIMENTO 5 STELLE BEPPEGRILLO.IT,1494,VICENZA
TEZZE SUL BRENTA,FORZA ITALIA,964,VICENZA
TEZZE SUL BRENTA,FRATELLI D'ITALIA - ALLEANZA NAZIONALE,190,VICENZA
TEZZE SUL BRENTA,NUOVO CENTRO DESTRA - UDC,139,VICENZA
TEZZE SUL BRENTA,L'ALTRA EUROPA CON TSIPRAS,91,VICENZA
TEZZE SUL BRENTA,VERDI EUROPEI-GREEN ITALIA,59,VICENZA
TEZZE SUL BRENTA,SCELTA EUROPEA,49,VICENZA
TEZZE SUL BRENTA,ITALIA DEI VALORI,29,VICENZA
TEZZE SUL BRENTA,IO CAMBIO - MAIE,11,VICENZA
TEZZE SUL BRENTA,SVP,9,VICENZA
THIENE,PARTITO DEMOCRATICO,4007,VICENZA
THIENE,MOVIMENTO 5 STELLE BEPPEGRILLO.IT,2054,VICENZA
THIENE,LEGA NORD-DIE FREIHEITLICHEN-BASTA EURO,1600,VICENZA
THIENE,FORZA ITALIA,1258,VICENZA
THIENE,FRATELLI D'ITALIA - ALLEANZA NAZIONALE,454,VICENZA
THIENE,NUOVO CENTRO DESTRA - UDC,331,VICENZA
THIENE,L'ALTRA EUROPA CON TSIPRAS,249,VICENZA
THIENE,SCELTA EUROPEA,99,VICENZA
THIENE,VERDI EUROPEI-GREEN ITALIA,93,VICENZA
THIENE,ITALIA DEI VALORI,36,VICENZA
THIENE,SVP,20,VICENZA
THIENE,IO CAMBIO - MAIE,15,VICENZA
TONEZZA DEL CIMONE,PARTITO DEMOCRATICO,124,VICENZA
TONEZZA DEL CIMONE,LEGA NORD-DIE FREIHEITLICHEN-BASTA EURO,119,VICENZA
TONEZZA DEL CIMONE,FORZA ITALIA,50,VICENZA
TONEZZA DEL CIMONE,MOVIMENTO 5 STELLE BEPPEGRILLO.IT,36,VICENZA
TONEZZA DEL CIMONE,FRATELLI D'ITALIA - ALLEANZA NAZIONALE,25,VICENZA
TONEZZA DEL CIMONE,NUOVO CENTRO DESTRA - UDC,10,VICENZA
TONEZZA DEL CIMONE,L'ALTRA EUROPA CON TSIPRAS,7,VICENZA
TONEZZA DEL CIMONE,VERDI EUROPEI-GREEN ITALIA,4,VICENZA
TONEZZA DEL CIMONE,SVP,3,VICENZA
TONEZZA DEL CIMONE,IO CAMBIO - MAIE,2,VICENZA
TONEZZA DEL CIMONE,SCELTA EUROPEA,0,VICENZA
TONEZZA DEL CIMONE,ITALIA DEI VALORI,0,VICENZA
TORREBELVICINO,PARTITO DEMOCRATICO,1344,VICENZA
TORREBELVICINO,MOVIMENTO 5 STELLE BEPPEGRILLO.IT,690,VICENZA
TORREBELVICINO,LEGA NORD-DIE FREIHEITLICHEN-BASTA EURO,520,VICENZA
TORREBELVICINO,FORZA ITALIA,267,VICENZA
TORREBELVICINO,FRATELLI D'ITALIA - ALLEANZA NAZIONALE,227,VICENZA
TORREBELVICINO,NUOVO CENTRO DESTRA - UDC,92,VICENZA
TORREBELVICINO,L'ALTRA EUROPA CON TSIPRAS,80,VICENZA
TORREBELVICINO,VERDI EUROPEI-GREEN ITALIA,25,VICENZA
TORREBELVICINO,ITALIA DEI VALORI,18,VICENZA
TORREBELVICINO,SCELTA EUROPEA,17,VICENZA
TORREBELVICINO,SVP,8,VICENZA
TORREBELVICINO,IO CAMBIO - MAIE,6,VICENZA
TORRI DI QUARTESOLO,PARTITO DEMOCRATICO,2058,VICENZA
TORRI DI QUARTESOLO,MOVIMENTO 5 STELLE BEPPEGRILLO.IT,1274,VICENZA
TORRI DI QUARTESOLO,LEGA NORD-DIE FREIHEITLICHEN-BASTA EURO,972,VICENZA
TORRI DI QUARTESOLO,FORZA ITALIA,870,VICENZA
TORRI DI QUARTESOLO,FRATELLI D'ITALIA - ALLEANZA NAZIONALE,300,VICENZA
TORRI DI QUARTESOLO,NUOVO CENTRO DESTRA - UDC,182,VICENZA
TORRI DI QUARTESOLO,L'ALTRA EUROPA CON TSIPRAS,129,VICENZA
TORRI DI QUARTESOLO,SCELTA EUROPEA,62,VICENZA
TORRI DI QUARTESOLO,VERDI EUROPEI-GREEN ITALIA,58,VICENZA
TORRI DI QUARTESOLO,ITALIA DEI VALORI,31,VICENZA
TORRI DI QUARTESOLO,SVP,13,VICENZA
TORRI DI QUARTESOLO,IO CAMBIO - MAIE,11,VICENZA
TRISSINO,LEGA NORD-DIE FREIHEITLICHEN-BASTA EURO,1191,VICENZA
TRISSINO,PARTITO DEMOCRATICO,1099,VICENZA
TRISSINO,MOVIMENTO 5 STELLE BEPPEGRILLO.IT,986,VICENZA
TRISSINO,FORZA ITALIA,851,VICENZA
TRISSINO,FRATELLI D'ITALIA - ALLEANZA NAZIONALE,265,VICENZA
TRISSINO,SCELTA EUROPEA,80,VICENZA
TRISSINO,NUOVO CENTRO DESTRA - UDC,72,VICENZA
TRISSINO,L'ALTRA EUROPA CON TSIPRAS,61,VICENZA
TRISSINO,VERDI EUROPEI-GREEN ITALIA,30,VICENZA
TRISSINO,ITALIA DEI VALORI,26,VICENZA
TRISSINO,IO CAMBIO - MAIE,12,VICENZA
TRISSINO,SVP,6,VICENZA
VALDAGNO,PARTITO DEMOCRATICO,5879,VICENZA
VALDAGNO,MOVIMENTO 5 STELLE BEPPEGRILLO.IT,2682,VICENZA
VALDAGNO,LEGA NORD-DIE FREIHEITLICHEN-BASTA EURO,2178,VICENZA
VALDAGNO,FORZA ITALIA,1491,VICENZA
VALDAGNO,FRATELLI D'ITALIA - ALLEANZA NAZIONALE,751,VICENZA
VALDAGNO,NUOVO CENTRO DESTRA - UDC,455,VICENZA
VALDAGNO,L'ALTRA EUROPA CON TSIPRAS,411,VICENZA
VALDAGNO,VERDI EUROPEI-GREEN ITALIA,136,VICENZA
VALDAGNO,SCELTA EUROPEA,123,VICENZA
VALDAGNO,ITALIA DEI VALORI,71,VICENZA
VALDAGNO,SVP,29,VICENZA
VALDAGNO,IO CAMBIO - MAIE,18,VICENZA
VALDASTICO,PARTITO DEMOCRATICO,268,VICENZA
VALDASTICO,LEGA NORD-DIE FREIHEITLICHEN-BASTA EURO,179,VICENZA
VALDASTICO,MOVIMENTO 5 STELLE BEPPEGRILLO.IT,126,VICENZA
VALDASTICO,FORZA ITALIA,115,VICENZA
VALDASTICO,FRATELLI D'ITALIA - ALLEANZA NAZIONALE,51,VICENZA
VALDASTICO,SCELTA EUROPEA,14,VICENZA
VALDASTICO,NUOVO CENTRO DESTRA - UDC,14,VICENZA
VALDASTICO,L'ALTRA EUROPA CON TSIPRAS,10,VICENZA
VALDASTICO,SVP,6,VICENZA
VALDASTICO,ITALIA DEI VALORI,6,VICENZA
VALDASTICO,VERDI EUROPEI-GREEN ITALIA,5,VICENZA
VALDASTICO,IO CAMBIO - MAIE,2,VICENZA
VALLI DEL PASUBIO,PARTITO DEMOCRATICO,776,VICENZA
VALLI DEL PASUBIO,LEGA NORD-DIE FREIHEITLICHEN-BASTA EURO,366,VICENZA
VALLI DEL PASUBIO,MOVIMENTO 5 STELLE BEPPEGRILLO.IT,350,VICENZA
VALLI DEL PASUBIO,FORZA ITALIA,159,VICENZA
VALLI DEL PASUBIO,FRATELLI D'ITALIA - ALLEANZA NAZIONALE,99,VICENZA
VALLI DEL PASUBIO,NUOVO CENTRO DESTRA - UDC,61,VICENZA
VALLI DEL PASUBIO,L'ALTRA EUROPA CON TSIPRAS,28,VICENZA
VALLI DEL PASUBIO,VERDI EUROPEI-GREEN ITALIA,15,VICENZA
VALLI DEL PASUBIO,SCELTA EUROPEA,8,VICENZA
VALLI DEL PASUBIO,ITALIA DEI VALORI,4,VICENZA
VALLI DEL PASUBIO,SVP,3,VICENZA
VALLI DEL PASUBIO,IO CAMBIO - MAIE,2,VICENZA
VALSTAGNA,PARTITO DEMOCRATICO,443,VICENZA
VALSTAGNA,MOVIMENTO 5 STELLE BEPPEGRILLO.IT,219,VICENZA
VALSTAGNA,LEGA NORD-DIE FREIHEITLICHEN-BASTA EURO,141,VICENZA
VALSTAGNA,FORZA ITALIA,80,VICENZA
VALSTAGNA,L'ALTRA EUROPA CON TSIPRAS,27,VICENZA
VALSTAGNA,FRATELLI D'ITALIA - ALLEANZA NAZIONALE,26,VICENZA
VALSTAGNA,NUOVO CENTRO DESTRA - UDC,22,VICENZA
VALSTAGNA,VERDI EUROPEI-GREEN ITALIA,19,VICENZA
VALSTAGNA,SCELTA EUROPEA,10,VICENZA
VALSTAGNA,ITALIA DEI VALORI,4,VICENZA
VALSTAGNA,SVP,3,VICENZA
VALSTAGNA,IO CAMBIO - MAIE,2,VICENZA
VELO D'ASTICO,PARTITO DEMOCRATICO,502,VICENZA
VELO D'ASTICO,LEGA NORD-DIE FREIHEITLICHEN-BASTA EURO,334,VICENZA
VELO D'ASTICO,MOVIMENTO 5 STELLE BEPPEGRILLO.IT,255,VICENZA
VELO D'ASTICO,FORZA ITALIA,180,VICENZA
VELO D'ASTICO,FRATELLI D'ITALIA - ALLEANZA NAZIONALE,77,VICENZA
VELO D'ASTICO,NUOVO CENTRO DESTRA - UDC,24,VICENZA
VELO D'ASTICO,VERDI EUROPEI-GREEN ITALIA,19,VICENZA
VELO D'ASTICO,SCELTA EUROPEA,9,VICENZA
VELO D'ASTICO,SVP,8,VICENZA
VELO D'ASTICO,ITALIA DEI VALORI,8,VICENZA
VELO D'ASTICO,L'ALTRA EUROPA CON TSIPRAS,7,VICENZA
VELO D'ASTICO,IO CAMBIO - MAIE,5,VICENZA
VICENZA,PARTITO DEMOCRATICO,23205,VICENZA
VICENZA,MOVIMENTO 5 STELLE BEPPEGRILLO.IT,8345,VICENZA
VICENZA,FORZA ITALIA,6081,VICENZA
VICENZA,LEGA NORD-DIE FREIHEITLICHEN-BASTA EURO,5095,VICENZA
VICENZA,L'ALTRA EUROPA CON TSIPRAS,2303,VICENZA
VICENZA,FRATELLI D'ITALIA - ALLEANZA NAZIONALE,1649,VICENZA
VICENZA,NUOVO CENTRO DESTRA - UDC,1632,VICENZA
VICENZA,VERDI EUROPEI-GREEN ITALIA,654,VICENZA
VICENZA,SCELTA EUROPEA,546,VICENZA
VICENZA,ITALIA DEI VALORI,173,VICENZA
VICENZA,SVP,83,VICENZA
VICENZA,IO CAMBIO - MAIE,54,VICENZA
VILLAGA,PARTITO DEMOCRATICO,290,VICENZA
VILLAGA,LEGA NORD-DIE FREIHEITLICHEN-BASTA EURO,221,VICENZA
VILLAGA,MOVIMENTO 5 STELLE BEPPEGRILLO.IT,216,VICENZA
VILLAGA,FORZA ITALIA,181,VICENZA
VILLAGA,FRATELLI D'ITALIA - ALLEANZA NAZIONALE,66,VICENZA
VILLAGA,NUOVO CENTRO DESTRA - UDC,37,VICENZA
VILLAGA,L'ALTRA EUROPA CON TSIPRAS,12,VICENZA
VILLAGA,SCELTA EUROPEA,11,VICENZA
VILLAGA,ITALIA DEI VALORI,7,VICENZA
VILLAGA,VERDI EUROPEI-GREEN ITALIA,7,VICENZA
VILLAGA,IO CAMBIO - MAIE,3,VICENZA
VILLAGA,SVP,1,VICENZA
VILLAVERLA,PARTITO DEMOCRATICO,1146,VICENZA
VILLAVERLA,LEGA NORD-DIE FREIHEITLICHEN-BASTA EURO,499,VICENZA
VILLAVERLA,MOVIMENTO 5 STELLE BEPPEGRILLO.IT,497,VICENZA
VILLAVERLA,FORZA ITALIA,301,VICENZA
VILLAVERLA,FRATELLI D'ITALIA - ALLEANZA NAZIONALE,141,VICENZA
VILLAVERLA,NUOVO CENTRO DESTRA - UDC,99,VICENZA
VILLAVERLA,L'ALTRA EUROPA CON TSIPRAS,43,VICENZA
VILLAVERLA,VERDI EUROPEI-GREEN ITALIA,27,VICENZA
VILLAVERLA,SCELTA EUROPEA,26,VICENZA
VILLAVERLA,ITALIA DEI VALORI,11,VICENZA
VILLAVERLA,IO CAMBIO - MAIE,6,VICENZA
VILLAVERLA,SVP,3,VICENZA
ZANE',PARTITO DEMOCRATICO,1384,VICENZA
ZANE',LEGA NORD-DIE FREIHEITLICHEN-BASTA EURO,800,VICENZA
ZANE',MOVIMENTO 5 STELLE BEPPEGRILLO.IT,678,VICENZA
ZANE',FORZA ITALIA,476,VICENZA
ZANE',FRATELLI D'ITALIA - ALLEANZA NAZIONALE,170,VICENZA
ZANE',NUOVO CENTRO DESTRA - UDC,146,VICENZA
ZANE',L'ALTRA EUROPA CON TSIPRAS,77,VICENZA
ZANE',SCELTA EUROPEA,26,VICENZA
ZANE',VERDI EUROPEI-GREEN ITALIA,26,VICENZA
ZANE',ITALIA DEI VALORI,18,VICENZA
ZANE',SVP,11,VICENZA
ZANE',IO CAMBIO - MAIE,6,VICENZA
ZERMEGHEDO,PARTITO DEMOCRATICO,248,VICENZA
ZERMEGHEDO,LEGA NORD-DIE FREIHEITLICHEN-BASTA EURO,179,VICENZA
ZERMEGHEDO,MOVIMENTO 5 STELLE BEPPEGRILLO.IT,124,VICENZA
ZERMEGHEDO,FORZA ITALIA,113,VICENZA
ZERMEGHEDO,FRATELLI D'ITALIA - ALLEANZA NAZIONALE,29,VICENZA
ZERMEGHEDO,VERDI EUROPEI-GREEN ITALIA,13,VICENZA
ZERMEGHEDO,NUOVO CENTRO DESTRA - UDC,10,VICENZA
ZERMEGHEDO,L'ALTRA EUROPA CON TSIPRAS,8,VICENZA
ZERMEGHEDO,SCELTA EUROPEA,6,VICENZA
ZERMEGHEDO,ITALIA DEI VALORI,3,VICENZA
ZERMEGHEDO,IO CAMBIO - MAIE,1,VICENZA
ZERMEGHEDO,SVP,0,VICENZA
ZOVENCEDO,LEGA NORD-DIE FREIHEITLICHEN-BASTA EURO,109,VICENZA
ZOVENCEDO,PARTITO DEMOCRATICO,108,VICENZA
ZOVENCEDO,MOVIMENTO 5 STELLE BEPPEGRILLO.IT,92,VICENZA
ZOVENCEDO,FORZA ITALIA,68,VICENZA
ZOVENCEDO,FRATELLI D'ITALIA - ALLEANZA NAZIONALE,28,VICENZA
ZOVENCEDO,NUOVO CENTRO DESTRA - UDC,9,VICENZA
ZOVENCEDO,SCELTA EUROPEA,7,VICENZA
ZOVENCEDO,L'ALTRA EUROPA CON TSIPRAS,5,VICENZA
ZOVENCEDO,VERDI EUROPEI-GREEN ITALIA,4,VICENZA
ZOVENCEDO,ITALIA DEI VALORI,2,VICENZA
ZOVENCEDO,IO CAMBIO - MAIE,2,VICENZA
ZOVENCEDO,SVP,1,VICENZA
ZUGLIANO,PARTITO DEMOCRATICO,1433,VICENZA
ZUGLIANO,LEGA NORD-DIE FREIHEITLICHEN-BASTA EURO,887,VICENZA
ZUGLIANO,MOVIMENTO 5 STELLE BEPPEGRILLO.IT,702,VICENZA
ZUGLIANO,FORZA ITALIA,456,VICENZA
ZUGLIANO,FRATELLI D'ITALIA - ALLEANZA NAZIONALE,195,VICENZA
ZUGLIANO,NUOVO CENTRO DESTRA - UDC,93,VICENZA
ZUGLIANO,L'ALTRA EUROPA CON TSIPRAS,78,VICENZA
ZUGLIANO,VERDI EUROPEI-GREEN ITALIA,39,VICENZA
ZUGLIANO,SCELTA EUROPEA,31,VICENZA
ZUGLIANO,ITALIA DEI VALORI,20,VICENZA
ZUGLIANO,SVP,6,VICENZA
ZUGLIANO,IO CAMBIO - MAIE,5,VICENZA
